0,1,2,3,4,5,6,7,8,9,10,11,12,13,y_true,y_pred,y_proba
45.0,0.0,280570.0,0.0,39.0,13.0,4.0,1.0,39.0,4.0,2.0,9.0,4.0,0.0,0,1,0.7897067834531332
40.0,0.0,254949.0,0.0,57.0,9.0,7.0,1.0,39.0,4.0,2.0,11.0,4.0,0.0,1,0,0.3357196041384189
40.0,0.0,32185.0,0.0,41.0,13.0,5.0,1.0,39.0,13.0,2.0,9.0,4.0,0.0,0,1,0.6433358816611479
50.0,0.0,325537.0,0.0,65.0,11.0,0.0,1.0,39.0,0.0,2.0,8.0,4.0,0.0,1,0,0.4259179493450054
35.0,0.0,347491.0,0.0,36.0,16.0,6.0,1.0,39.0,10.0,2.0,10.0,4.0,0.0,0,1,0.7385485452890289
53.0,0.0,190257.0,0.0,55.0,9.0,4.0,1.0,39.0,5.0,2.0,11.0,4.0,0.0,1,0,0.32061848886199634
40.0,0.0,331831.0,0.0,35.0,13.0,4.0,1.0,39.0,12.0,2.0,9.0,4.0,0.0,0,1,0.6202680439296882
50.0,0.0,117295.0,0.0,52.0,2.0,4.0,1.0,39.0,4.0,2.0,3.0,4.0,0.0,1,0,0.24583208977484117
75.0,0.0,20809.0,0.0,42.0,9.0,4.0,1.0,39.0,3.0,0.0,11.0,4.0,1.0,1,0,0.0985420385379153
40.0,0.0,284582.0,0.0,37.0,14.0,4.0,0.0,39.0,4.0,2.0,12.0,4.0,5.0,0,1,0.7881893798708947
50.0,0.0,321086.0,0.0,42.0,14.0,0.0,1.0,39.0,0.0,2.0,12.0,4.0,0.0,0,1,0.6923483674558212
40.0,0.0,187493.0,0.0,71.0,9.0,4.0,1.0,39.0,11.0,2.0,11.0,4.0,0.0,1,0,0.3067968130223
40.0,0.0,100931.0,0.0,59.0,9.0,1.0,1.0,39.0,1.0,2.0,11.0,4.0,0.0,1,0,0.32684478785534193
40.0,0.0,192589.0,0.0,41.0,13.0,1.0,1.0,39.0,1.0,2.0,9.0,4.0,0.0,0,1,0.5881762548190728
64.0,0.0,231948.0,0.0,36.0,9.0,4.0,1.0,39.0,3.0,2.0,11.0,4.0,0.0,1,0,0.33427645231739045
16.0,0.0,148903.0,0.0,35.0,9.0,4.0,0.0,39.0,8.0,2.0,11.0,4.0,5.0,1,0,0.19275222266359845
40.0,0.0,258298.0,2231.0,23.0,13.0,6.0,1.0,39.0,1.0,4.0,9.0,4.0,3.0,1,0,0.14330513861579242
40.0,0.0,109912.0,0.0,42.0,10.0,4.0,0.0,39.0,13.0,4.0,15.0,4.0,1.0,1,0,0.04888925646090754
40.0,4386.0,204447.0,0.0,52.0,9.0,4.0,1.0,39.0,7.0,2.0,11.0,4.0,0.0,1,0,0.4425011801932718
50.0,0.0,323055.0,0.0,31.0,9.0,4.0,1.0,39.0,14.0,2.0,11.0,4.0,0.0,1,0,0.2298176851200118
50.0,0.0,187715.0,0.0,46.0,10.0,4.0,1.0,39.0,12.0,2.0,15.0,4.0,0.0,0,1,0.5575131326792202
40.0,0.0,187411.0,0.0,38.0,9.0,5.0,1.0,39.0,4.0,2.0,11.0,4.0,0.0,1,0,0.3565798602905081
99.0,2407.0,178356.0,0.0,53.0,12.0,4.0,1.0,39.0,4.0,2.0,7.0,4.0,0.0,0,1,0.6723738608900602
45.0,0.0,207201.0,0.0,32.0,13.0,4.0,1.0,39.0,10.0,4.0,9.0,4.0,1.0,1,0,0.12250243767496587
40.0,0.0,615893.0,0.0,33.0,14.0,1.0,1.0,27.0,14.0,2.0,12.0,2.0,0.0,0,1,0.5279726781737201
40.0,0.0,210736.0,0.0,54.0,9.0,4.0,1.0,39.0,3.0,2.0,11.0,4.0,0.0,1,0,0.33077447897260037
36.0,0.0,97757.0,0.0,30.0,11.0,4.0,0.0,39.0,10.0,2.0,8.0,4.0,5.0,1,0,0.34284240931290255
50.0,0.0,147284.0,0.0,32.0,11.0,4.0,1.0,39.0,12.0,2.0,8.0,4.0,0.0,1,0,0.38023817106265906
40.0,0.0,53833.0,0.0,54.0,3.0,4.0,1.0,39.0,14.0,2.0,4.0,4.0,0.0,1,0,0.1347902500418301
40.0,0.0,168211.0,0.0,49.0,9.0,4.0,1.0,39.0,11.0,2.0,11.0,4.0,0.0,1,0,0.38034219054180773
4.0,0.0,148065.0,0.0,70.0,10.0,0.0,1.0,39.0,0.0,2.0,15.0,4.0,0.0,1,0,0.156180932705976
40.0,0.0,140644.0,0.0,47.0,10.0,2.0,1.0,39.0,11.0,2.0,15.0,4.0,0.0,1,0,0.4767052101321962
45.0,0.0,336513.0,0.0,44.0,10.0,4.0,1.0,39.0,10.0,2.0,15.0,4.0,0.0,0,1,0.5155566697267974
30.0,0.0,102110.0,0.0,49.0,9.0,6.0,1.0,39.0,13.0,2.0,11.0,4.0,0.0,1,0,0.17270570107838445
62.0,0.0,62396.0,0.0,34.0,13.0,5.0,0.0,39.0,10.0,4.0,9.0,4.0,1.0,1,0,0.1429613972610467
45.0,0.0,117381.0,0.0,37.0,14.0,4.0,1.0,39.0,10.0,2.0,12.0,4.0,0.0,0,1,0.8057510630191357
60.0,0.0,270194.0,0.0,50.0,13.0,4.0,1.0,39.0,4.0,2.0,9.0,4.0,0.0,0,1,0.82535960337247
40.0,0.0,95299.0,0.0,30.0,9.0,4.0,1.0,40.0,7.0,2.0,11.0,1.0,0.0,1,0,0.09506558689684001
98.0,0.0,195462.0,0.0,52.0,9.0,6.0,1.0,39.0,5.0,2.0,11.0,4.0,0.0,1,0,0.2527841688285791
84.0,0.0,81534.0,0.0,45.0,9.0,4.0,1.0,24.0,8.0,2.0,11.0,1.0,0.0,1,0,0.28829615094294264
50.0,0.0,168660.0,0.0,51.0,9.0,4.0,1.0,39.0,4.0,2.0,11.0,4.0,0.0,0,1,0.5054773860918584
35.0,0.0,150079.0,0.0,63.0,9.0,2.0,0.0,39.0,1.0,2.0,11.0,4.0,5.0,1,0,0.27981639825348564
50.0,0.0,231961.0,0.0,49.0,16.0,7.0,1.0,39.0,10.0,0.0,10.0,4.0,4.0,1,0,0.41086184847865703
45.0,0.0,33658.0,0.0,41.0,10.0,2.0,1.0,39.0,11.0,2.0,15.0,4.0,0.0,1,0,0.4479035691450711
40.0,0.0,165017.0,0.0,68.0,9.0,4.0,1.0,22.0,10.0,2.0,11.0,4.0,0.0,1,0,0.2818833404287628
50.0,0.0,165937.0,0.0,47.0,9.0,4.0,1.0,39.0,7.0,2.0,11.0,4.0,0.0,1,0,0.32061848886199634
50.0,0.0,197038.0,0.0,47.0,13.0,1.0,1.0,39.0,10.0,2.0,9.0,4.0,0.0,0,1,0.8266837583377187
50.0,0.0,214242.0,0.0,44.0,10.0,4.0,1.0,39.0,14.0,2.0,15.0,4.0,0.0,1,0,0.4708037634506829
50.0,0.0,105803.0,0.0,35.0,10.0,4.0,1.0,39.0,3.0,2.0,15.0,4.0,0.0,1,0,0.3687883296645393
20.0,0.0,172425.0,0.0,39.0,11.0,4.0,0.0,39.0,1.0,2.0,8.0,4.0,5.0,1,0,0.37060489504338573
40.0,4064.0,122493.0,0.0,38.0,13.0,1.0,1.0,39.0,10.0,2.0,9.0,4.0,0.0,0,1,0.5879317427580306
40.0,0.0,137065.0,0.0,54.0,16.0,7.0,0.0,39.0,4.0,4.0,10.0,4.0,1.0,1,0,0.3759105202214356
40.0,0.0,283122.0,0.0,38.0,9.0,4.0,1.0,39.0,7.0,2.0,11.0,4.0,0.0,1,0,0.2107152856578462
60.0,3103.0,156802.0,0.0,51.0,9.0,6.0,1.0,39.0,5.0,2.0,11.0,4.0,0.0,1,0,0.38044886772357983
60.0,0.0,113481.0,0.0,35.0,16.0,4.0,1.0,39.0,10.0,2.0,10.0,4.0,0.0,0,1,0.7952935693390769
30.0,0.0,243165.0,0.0,34.0,13.0,4.0,1.0,39.0,8.0,2.0,9.0,4.0,0.0,1,0,0.25498090525911005
45.0,0.0,176063.0,0.0,44.0,13.0,4.0,1.0,39.0,4.0,2.0,9.0,4.0,0.0,0,1,0.7938785672337599
40.0,0.0,167651.0,0.0,53.0,9.0,4.0,1.0,39.0,3.0,2.0,11.0,4.0,0.0,1,0,0.33077447897260037
40.0,0.0,201531.0,0.0,37.0,12.0,4.0,1.0,39.0,7.0,2.0,7.0,4.0,0.0,1,0,0.335357330083581
40.0,0.0,361494.0,0.0,59.0,9.0,4.0,1.0,39.0,12.0,2.0,11.0,4.0,0.0,1,0,0.40803271882400066
60.0,0.0,167482.0,0.0,39.0,9.0,4.0,1.0,39.0,8.0,2.0,11.0,4.0,0.0,1,0,0.27987825470603894
40.0,0.0,145964.0,0.0,24.0,13.0,4.0,1.0,39.0,4.0,4.0,9.0,4.0,4.0,1,0,0.022903300951822535
45.0,0.0,103395.0,0.0,40.0,10.0,4.0,1.0,39.0,3.0,2.0,15.0,4.0,0.0,1,0,0.43689568131417167
40.0,0.0,38240.0,0.0,48.0,9.0,5.0,1.0,39.0,5.0,2.0,11.0,4.0,0.0,1,0,0.22678428161894498
40.0,0.0,100669.0,0.0,34.0,13.0,4.0,1.0,39.0,14.0,2.0,9.0,1.0,0.0,1,0,0.4552877995286999
48.0,0.0,185832.0,0.0,43.0,10.0,4.0,1.0,39.0,7.0,2.0,15.0,4.0,0.0,1,0,0.3799521016635056
40.0,0.0,388725.0,0.0,43.0,12.0,4.0,1.0,39.0,12.0,2.0,7.0,4.0,0.0,0,1,0.5055007100801454
40.0,0.0,95303.0,0.0,65.0,9.0,4.0,1.0,39.0,4.0,2.0,11.0,4.0,0.0,1,0,0.30604805176223504
60.0,0.0,250504.0,0.0,35.0,9.0,1.0,1.0,39.0,1.0,2.0,11.0,2.0,0.0,1,0,0.3421719331636503
40.0,0.0,175641.0,0.0,44.0,7.0,4.0,1.0,39.0,12.0,2.0,1.0,4.0,0.0,1,0,0.18442344221697796
35.0,0.0,47902.0,0.0,41.0,10.0,4.0,1.0,39.0,12.0,2.0,15.0,4.0,0.0,1,0,0.3283909964353011
50.0,0.0,374313.0,0.0,22.0,9.0,4.0,1.0,39.0,14.0,2.0,11.0,4.0,0.0,1,0,0.1615783815023598
60.0,0.0,52822.0,0.0,59.0,13.0,5.0,1.0,39.0,3.0,2.0,9.0,4.0,0.0,0,1,0.716983086297955
40.0,0.0,139344.0,0.0,59.0,10.0,4.0,0.0,39.0,1.0,2.0,15.0,4.0,5.0,1,0,0.445447369041087
40.0,0.0,237993.0,0.0,43.0,10.0,4.0,1.0,39.0,13.0,2.0,15.0,4.0,0.0,1,0,0.42864508480980024
48.0,0.0,207202.0,0.0,38.0,9.0,4.0,1.0,39.0,7.0,2.0,11.0,4.0,0.0,1,0,0.27987825470603894
40.0,0.0,47310.0,0.0,36.0,10.0,1.0,0.0,39.0,4.0,0.0,15.0,2.0,4.0,1,0,0.05694454957001324
30.0,0.0,247986.0,0.0,63.0,15.0,0.0,1.0,39.0,0.0,2.0,14.0,4.0,0.0,1,0,0.3507364776271275
40.0,0.0,146574.0,0.0,54.0,9.0,5.0,1.0,39.0,3.0,2.0,11.0,4.0,0.0,1,0,0.3388150749607837
55.0,0.0,121874.0,0.0,44.0,10.0,4.0,1.0,39.0,12.0,0.0,15.0,4.0,4.0,1,0,0.14375467285076377
60.0,0.0,379118.0,0.0,47.0,4.0,4.0,1.0,39.0,3.0,2.0,5.0,2.0,0.0,1,0,0.21462117011938178
40.0,0.0,82049.0,0.0,41.0,9.0,4.0,1.0,39.0,3.0,2.0,11.0,4.0,0.0,1,0,0.2594251999024372
40.0,0.0,328216.0,0.0,46.0,9.0,4.0,1.0,39.0,3.0,2.0,11.0,4.0,0.0,1,0,0.33077447897260037
56.0,0.0,183486.0,0.0,48.0,11.0,7.0,0.0,39.0,10.0,0.0,8.0,4.0,4.0,1,0,0.12090267353290543
40.0,0.0,75167.0,0.0,30.0,10.0,4.0,1.0,39.0,7.0,2.0,15.0,4.0,0.0,1,0,0.1481533721173726
55.0,0.0,186534.0,0.0,47.0,9.0,4.0,1.0,39.0,12.0,2.0,11.0,4.0,0.0,1,0,0.44417403490396756
40.0,0.0,357848.0,0.0,47.0,9.0,4.0,1.0,39.0,3.0,2.0,11.0,4.0,0.0,1,0,0.34592135006032443
55.0,0.0,44728.0,0.0,52.0,10.0,6.0,1.0,39.0,12.0,2.0,15.0,4.0,0.0,1,0,0.4216620973729709
40.0,0.0,28887.0,0.0,37.0,9.0,7.0,1.0,39.0,7.0,2.0,11.0,4.0,0.0,1,0,0.16202124265781268
40.0,4064.0,180079.0,0.0,61.0,16.0,2.0,1.0,39.0,4.0,2.0,10.0,4.0,0.0,0,1,0.6729875954101252
40.0,0.0,213209.0,0.0,52.0,10.0,4.0,1.0,39.0,3.0,2.0,15.0,4.0,0.0,1,0,0.4231550376752253
70.0,0.0,37778.0,0.0,36.0,14.0,6.0,1.0,39.0,5.0,2.0,12.0,4.0,0.0,0,1,0.5764310767540408
40.0,0.0,213179.0,0.0,32.0,10.0,4.0,1.0,39.0,3.0,0.0,15.0,4.0,3.0,1,0,0.05118043743043798
40.0,0.0,70447.0,0.0,26.0,9.0,7.0,1.0,39.0,11.0,2.0,11.0,1.0,0.0,1,0,0.09941526574906533
42.0,0.0,33983.0,0.0,36.0,11.0,4.0,1.0,39.0,1.0,4.0,8.0,4.0,1.0,1,0,0.08617370967419329
40.0,0.0,236021.0,0.0,42.0,9.0,4.0,1.0,0.0,3.0,2.0,11.0,4.0,0.0,1,0,0.2507420364668777
40.0,0.0,350440.0,0.0,45.0,9.0,4.0,1.0,39.0,4.0,2.0,11.0,1.0,0.0,1,0,0.3814069721792274
50.0,0.0,150057.0,0.0,39.0,14.0,4.0,1.0,39.0,12.0,4.0,12.0,4.0,1.0,1,0,0.2957984096438177
40.0,0.0,29859.0,1485.0,63.0,9.0,0.0,1.0,39.0,0.0,2.0,11.0,4.0,0.0,1,0,0.27553440175567095
42.0,0.0,57635.0,0.0,25.0,11.0,4.0,0.0,39.0,12.0,2.0,8.0,4.0,5.0,1,0,0.22682673922722202
40.0,0.0,107682.0,0.0,45.0,14.0,4.0,0.0,39.0,4.0,0.0,12.0,4.0,1.0,1,0,0.23321025671132567
40.0,0.0,207685.0,0.0,41.0,13.0,1.0,1.0,39.0,4.0,4.0,9.0,4.0,1.0,1,0,0.17052890378088986
45.0,0.0,304651.0,0.0,38.0,9.0,4.0,1.0,39.0,1.0,2.0,11.0,4.0,0.0,1,0,0.3555475906641351
60.0,0.0,187355.0,0.0,56.0,10.0,5.0,0.0,2.0,12.0,2.0,15.0,4.0,5.0,1,0,0.44239134491873666
40.0,0.0,86551.0,0.0,39.0,9.0,4.0,1.0,39.0,8.0,2.0,11.0,4.0,0.0,1,0,0.1923267432904958
70.0,0.0,269722.0,0.0,39.0,13.0,4.0,1.0,39.0,4.0,2.0,9.0,4.0,0.0,0,1,0.7897067834531332
40.0,0.0,137522.0,0.0,39.0,9.0,4.0,1.0,0.0,7.0,2.0,11.0,1.0,0.0,1,0,0.16592214856227874
50.0,0.0,284329.0,0.0,53.0,14.0,6.0,1.0,39.0,4.0,0.0,12.0,4.0,1.0,1,0,0.38082566566475023
40.0,0.0,44671.0,0.0,46.0,13.0,4.0,1.0,39.0,11.0,2.0,9.0,4.0,0.0,0,1,0.6787213676341323
60.0,0.0,110490.0,0.0,55.0,13.0,2.0,0.0,39.0,10.0,2.0,9.0,4.0,5.0,0,1,0.656111704778736
60.0,0.0,201522.0,0.0,42.0,13.0,6.0,1.0,39.0,12.0,2.0,9.0,4.0,0.0,0,1,0.6938807717881407
40.0,0.0,126701.0,0.0,40.0,13.0,4.0,1.0,39.0,4.0,3.0,9.0,4.0,1.0,1,0,0.16559661044130106
40.0,0.0,65160.0,0.0,50.0,13.0,1.0,1.0,39.0,4.0,2.0,9.0,4.0,0.0,0,1,0.7378180526542196
40.0,0.0,33794.0,0.0,45.0,14.0,4.0,1.0,39.0,8.0,2.0,12.0,4.0,0.0,0,1,0.5840757579699334
40.0,0.0,215990.0,0.0,54.0,9.0,4.0,1.0,39.0,4.0,2.0,11.0,4.0,0.0,1,0,0.40217432148136556
40.0,0.0,178215.0,0.0,45.0,5.0,4.0,0.0,39.0,7.0,2.0,6.0,4.0,5.0,1,0,0.07862501450715423
40.0,0.0,121124.0,0.0,47.0,9.0,4.0,1.0,39.0,3.0,2.0,11.0,4.0,0.0,1,0,0.33077447897260037
35.0,0.0,148576.0,0.0,47.0,15.0,2.0,1.0,39.0,10.0,2.0,14.0,4.0,0.0,0,1,0.7916862271566291
42.0,0.0,115066.0,0.0,34.0,10.0,4.0,1.0,39.0,4.0,2.0,15.0,4.0,0.0,1,0,0.43631984951560904
40.0,0.0,150389.0,0.0,63.0,13.0,0.0,0.0,39.0,0.0,6.0,9.0,4.0,1.0,1,0,0.07336237657198347
40.0,0.0,341695.0,0.0,64.0,10.0,1.0,0.0,39.0,1.0,2.0,15.0,4.0,5.0,1,0,0.42834042987411447
45.0,0.0,199224.0,0.0,25.0,13.0,4.0,1.0,39.0,10.0,2.0,9.0,4.0,0.0,1,0,0.36987142334884704
40.0,0.0,316000.0,0.0,58.0,9.0,4.0,1.0,39.0,4.0,2.0,11.0,4.0,0.0,1,0,0.40217432148136556
40.0,0.0,200453.0,0.0,59.0,14.0,5.0,1.0,39.0,12.0,2.0,12.0,4.0,0.0,0,1,0.7821136381553847
60.0,0.0,427474.0,0.0,33.0,9.0,6.0,1.0,39.0,12.0,2.0,11.0,4.0,0.0,1,0,0.30337271708386504
35.0,0.0,172907.0,0.0,84.0,10.0,5.0,1.0,39.0,12.0,2.0,15.0,4.0,0.0,1,0,0.3442042810143978
40.0,0.0,60722.0,0.0,37.0,10.0,4.0,0.0,24.0,4.0,0.0,15.0,1.0,1.0,1,0,0.07673112409575698
10.0,0.0,186350.0,0.0,68.0,9.0,4.0,0.0,39.0,4.0,6.0,11.0,4.0,1.0,1,0,0.022069604358543972
40.0,0.0,157069.0,0.0,53.0,12.0,4.0,1.0,39.0,7.0,2.0,7.0,4.0,0.0,1,0,0.37991281738612104
50.0,0.0,133969.0,0.0,45.0,9.0,6.0,1.0,35.0,12.0,2.0,11.0,1.0,0.0,1,0,0.33772909326519246
40.0,0.0,159755.0,0.0,54.0,10.0,4.0,1.0,39.0,11.0,2.0,15.0,4.0,0.0,1,0,0.4767052101321962
80.0,0.0,127678.0,0.0,47.0,10.0,5.0,1.0,39.0,12.0,2.0,15.0,4.0,0.0,0,1,0.5664005811794138
45.0,0.0,76371.0,0.0,68.0,9.0,4.0,1.0,39.0,6.0,2.0,11.0,4.0,0.0,1,0,0.2428014804286331
40.0,0.0,135285.0,0.0,60.0,14.0,6.0,1.0,39.0,10.0,2.0,12.0,4.0,0.0,0,1,0.7331938194975144
37.0,0.0,97933.0,1485.0,30.0,12.0,4.0,0.0,39.0,14.0,2.0,7.0,4.0,5.0,1,0,0.2860471193886562
40.0,0.0,112271.0,0.0,35.0,14.0,4.0,1.0,39.0,1.0,2.0,12.0,4.0,0.0,0,1,0.5088179415264973
45.0,0.0,218676.0,0.0,47.0,14.0,6.0,1.0,39.0,4.0,2.0,12.0,4.0,0.0,0,1,0.8120202070688972
48.0,0.0,401832.0,0.0,39.0,10.0,4.0,1.0,39.0,4.0,2.0,15.0,4.0,0.0,0,1,0.5901862655860404
45.0,0.0,156464.0,0.0,30.0,14.0,4.0,1.0,39.0,10.0,4.0,12.0,4.0,1.0,1,0,0.13658003434951252
40.0,0.0,250038.0,0.0,26.0,10.0,4.0,1.0,39.0,1.0,2.0,15.0,4.0,0.0,1,0,0.14358734242412677
60.0,0.0,35295.0,0.0,53.0,13.0,6.0,1.0,39.0,12.0,4.0,9.0,4.0,4.0,1,0,0.16428381609318563
40.0,0.0,137547.0,0.0,58.0,13.0,4.0,1.0,35.0,8.0,2.0,9.0,1.0,0.0,0,1,0.5284300206756198
40.0,10566.0,82388.0,0.0,62.0,9.0,6.0,1.0,39.0,3.0,2.0,11.0,4.0,0.0,0,1,0.942791906292667
50.0,0.0,76212.0,0.0,66.0,9.0,5.0,1.0,39.0,14.0,2.0,11.0,4.0,0.0,1,0,0.3235750238712951
47.0,0.0,189843.0,0.0,31.0,9.0,2.0,1.0,39.0,11.0,0.0,11.0,4.0,1.0,1,0,0.07185059071240137
40.0,0.0,215389.0,0.0,48.0,9.0,1.0,1.0,39.0,14.0,2.0,11.0,2.0,0.0,1,0,0.36086196373758195
40.0,0.0,147206.0,0.0,40.0,9.0,4.0,1.0,39.0,3.0,2.0,11.0,4.0,0.0,1,0,0.28198924930462005
30.0,0.0,195733.0,0.0,65.0,10.0,0.0,1.0,39.0,0.0,2.0,15.0,4.0,0.0,1,0,0.156180932705976
60.0,0.0,180211.0,0.0,54.0,10.0,0.0,1.0,35.0,0.0,2.0,15.0,1.0,0.0,1,0,0.4723760120235923
60.0,0.0,115932.0,0.0,43.0,13.0,4.0,1.0,39.0,12.0,4.0,9.0,4.0,1.0,1,0,0.19446949559336063
40.0,0.0,383745.0,1485.0,29.0,10.0,2.0,1.0,39.0,11.0,2.0,15.0,4.0,0.0,1,0,0.2665096572337813
50.0,0.0,190072.0,0.0,48.0,10.0,4.0,1.0,39.0,4.0,0.0,15.0,4.0,1.0,1,0,0.22147249187057105
25.0,0.0,101602.0,0.0,61.0,16.0,0.0,1.0,39.0,0.0,2.0,10.0,4.0,0.0,1,0,0.4401386414900363
50.0,0.0,158926.0,0.0,43.0,14.0,4.0,0.0,35.0,10.0,2.0,12.0,1.0,5.0,0,1,0.7035729633050639
40.0,0.0,256362.0,0.0,32.0,9.0,4.0,1.0,39.0,3.0,2.0,11.0,4.0,0.0,1,0,0.18840628969445597
35.0,0.0,200515.0,0.0,28.0,10.0,4.0,1.0,39.0,8.0,2.0,15.0,4.0,0.0,1,0,0.09671569542406801
40.0,0.0,165599.0,0.0,42.0,9.0,4.0,1.0,39.0,6.0,2.0,11.0,4.0,0.0,1,0,0.2107152856578462
24.0,0.0,168837.0,0.0,45.0,10.0,4.0,0.0,2.0,1.0,2.0,15.0,4.0,5.0,1,0,0.32588684200243817
40.0,0.0,383322.0,0.0,28.0,11.0,4.0,1.0,39.0,7.0,2.0,8.0,4.0,0.0,1,0,0.14042911652799392
48.0,0.0,410450.0,0.0,28.0,13.0,4.0,0.0,9.0,8.0,0.0,9.0,4.0,4.0,1,0,0.0375576944971294
40.0,0.0,393768.0,0.0,55.0,11.0,4.0,1.0,39.0,4.0,2.0,8.0,4.0,0.0,0,1,0.5541666488635528
40.0,0.0,322171.0,0.0,35.0,10.0,4.0,0.0,39.0,8.0,2.0,15.0,4.0,5.0,1,0,0.34991652760918573
50.0,0.0,188246.0,0.0,31.0,12.0,4.0,1.0,39.0,3.0,0.0,7.0,4.0,1.0,1,0,0.10593280179467918
40.0,0.0,233851.0,0.0,43.0,9.0,1.0,0.0,39.0,1.0,2.0,11.0,4.0,5.0,1,0,0.43742331899910436
24.0,0.0,114580.0,0.0,40.0,9.0,4.0,0.0,39.0,4.0,2.0,11.0,4.0,5.0,1,0,0.3237634607966432
40.0,0.0,152621.0,0.0,36.0,10.0,4.0,1.0,2.0,3.0,2.0,15.0,4.0,0.0,1,0,0.28770213402624684
35.0,0.0,283917.0,0.0,41.0,11.0,7.0,1.0,39.0,10.0,2.0,8.0,4.0,0.0,1,0,0.3693853499477947
40.0,0.0,31728.0,0.0,55.0,10.0,1.0,0.0,39.0,1.0,2.0,15.0,4.0,5.0,1,0,0.4421682164517406
60.0,0.0,397466.0,0.0,48.0,10.0,6.0,1.0,39.0,4.0,2.0,15.0,4.0,0.0,0,1,0.5689751519073193
50.0,0.0,467108.0,0.0,34.0,10.0,4.0,1.0,39.0,10.0,4.0,15.0,4.0,1.0,1,0,0.11896946609557607
40.0,0.0,172104.0,0.0,36.0,15.0,4.0,1.0,19.0,10.0,4.0,14.0,3.0,1.0,1,0,0.2952139829327868
40.0,0.0,99434.0,0.0,54.0,9.0,4.0,1.0,39.0,4.0,2.0,11.0,4.0,0.0,1,0,0.3825324525690694
50.0,0.0,184553.0,0.0,57.0,9.0,6.0,1.0,39.0,3.0,2.0,11.0,4.0,0.0,1,0,0.3246090032943315
40.0,0.0,23074.0,0.0,49.0,10.0,4.0,0.0,39.0,4.0,6.0,15.0,4.0,1.0,1,0,0.06975253455111528
40.0,0.0,198078.0,0.0,61.0,9.0,4.0,1.0,39.0,14.0,2.0,11.0,4.0,0.0,1,0,0.35079332679766784
40.0,0.0,208577.0,0.0,29.0,9.0,4.0,1.0,39.0,10.0,2.0,11.0,4.0,0.0,1,0,0.19310217250808787
38.0,0.0,394860.0,0.0,46.0,13.0,7.0,1.0,39.0,10.0,2.0,9.0,4.0,0.0,0,1,0.707432882616642
40.0,0.0,395736.0,0.0,59.0,9.0,4.0,1.0,39.0,6.0,2.0,11.0,4.0,0.0,1,0,0.2668834711950183
40.0,0.0,47392.0,0.0,57.0,9.0,2.0,1.0,39.0,4.0,2.0,11.0,4.0,0.0,1,0,0.3865384312979696
50.0,0.0,170850.0,0.0,46.0,9.0,5.0,1.0,39.0,12.0,2.0,11.0,4.0,0.0,1,0,0.4531048387758774
38.0,0.0,185407.0,0.0,50.0,11.0,4.0,1.0,39.0,13.0,2.0,8.0,4.0,0.0,1,0,0.4888454470401299
58.0,0.0,237879.0,0.0,58.0,13.0,2.0,1.0,39.0,10.0,2.0,9.0,4.0,0.0,0,1,0.7870008231704394
50.0,0.0,142712.0,0.0,28.0,13.0,4.0,1.0,39.0,4.0,4.0,9.0,4.0,1.0,1,0,0.11580638743987766
40.0,0.0,154568.0,0.0,38.0,14.0,4.0,1.0,0.0,4.0,2.0,12.0,1.0,0.0,0,1,0.6834091661390356
40.0,0.0,278322.0,0.0,49.0,9.0,4.0,1.0,39.0,3.0,2.0,11.0,4.0,0.0,1,0,0.33077447897260037
55.0,0.0,62669.0,0.0,35.0,10.0,4.0,1.0,39.0,4.0,2.0,15.0,4.0,0.0,1,0,0.4541535258202095
80.0,0.0,139730.0,0.0,25.0,9.0,4.0,1.0,39.0,3.0,2.0,11.0,4.0,0.0,1,0,0.13771571311717706
45.0,0.0,405793.0,0.0,28.0,12.0,4.0,1.0,39.0,13.0,2.0,7.0,4.0,0.0,1,0,0.3111984573844661
40.0,0.0,193036.0,0.0,34.0,10.0,4.0,1.0,39.0,1.0,2.0,15.0,2.0,0.0,1,0,0.24339823656506968
45.0,0.0,250724.0,0.0,34.0,13.0,4.0,1.0,23.0,12.0,2.0,9.0,4.0,0.0,0,1,0.6352808074486451
40.0,0.0,91037.0,0.0,36.0,9.0,4.0,0.0,39.0,1.0,2.0,11.0,4.0,5.0,1,0,0.37039270606166275
45.0,0.0,195554.0,0.0,45.0,9.0,4.0,1.0,39.0,7.0,2.0,11.0,4.0,0.0,1,0,0.32061848886199634
40.0,0.0,204235.0,0.0,41.0,11.0,4.0,1.0,39.0,12.0,2.0,8.0,4.0,0.0,1,0,0.4540577105515847
60.0,0.0,204375.0,0.0,34.0,15.0,6.0,0.0,39.0,10.0,4.0,14.0,4.0,1.0,1,0,0.42482734087276913
40.0,0.0,104501.0,0.0,52.0,10.0,4.0,1.0,11.0,10.0,2.0,15.0,4.0,0.0,1,0,0.437722896503454
25.0,0.0,178866.0,0.0,43.0,9.0,4.0,0.0,39.0,1.0,2.0,11.0,4.0,5.0,1,0,0.2746557590767366
55.0,0.0,345489.0,0.0,32.0,10.0,5.0,1.0,39.0,4.0,2.0,15.0,4.0,0.0,1,0,0.44587330363050476
50.0,0.0,65390.0,0.0,37.0,13.0,4.0,1.0,39.0,5.0,2.0,9.0,4.0,0.0,0,1,0.584755089910996
40.0,0.0,194740.0,0.0,30.0,13.0,2.0,1.0,39.0,11.0,2.0,9.0,4.0,0.0,0,1,0.5187254478550285
40.0,0.0,664821.0,0.0,47.0,13.0,4.0,1.0,8.0,8.0,2.0,9.0,4.0,0.0,0,1,0.5514273306365033
55.0,0.0,79531.0,0.0,42.0,10.0,6.0,1.0,39.0,4.0,2.0,15.0,4.0,0.0,1,0,0.43594280406308894
50.0,0.0,137063.0,0.0,27.0,13.0,4.0,1.0,39.0,12.0,2.0,9.0,4.0,0.0,0,1,0.5135029649783884
40.0,0.0,167281.0,0.0,47.0,13.0,7.0,1.0,39.0,8.0,2.0,9.0,4.0,0.0,0,1,0.5057786708987599
60.0,0.0,103214.0,0.0,35.0,16.0,1.0,0.0,39.0,10.0,4.0,10.0,0.0,1.0,1,0,0.47571473144426557
43.0,0.0,173682.0,0.0,41.0,11.0,4.0,1.0,39.0,3.0,2.0,8.0,4.0,0.0,1,0,0.47980810692463416
35.0,0.0,135803.0,1579.0,55.0,13.0,4.0,1.0,19.0,4.0,2.0,9.0,3.0,0.0,0,1,0.618804026550001
40.0,0.0,319280.0,0.0,30.0,9.0,2.0,1.0,39.0,11.0,2.0,11.0,4.0,0.0,1,0,0.20274887697022229
72.0,0.0,96129.0,0.0,40.0,9.0,4.0,1.0,39.0,12.0,2.0,11.0,4.0,0.0,1,0,0.34722630001298355
50.0,0.0,327886.0,0.0,48.0,16.0,7.0,1.0,39.0,10.0,0.0,10.0,4.0,3.0,1,0,0.41086184847865703
35.0,0.0,188220.0,0.0,66.0,9.0,2.0,0.0,39.0,1.0,6.0,11.0,4.0,4.0,1,0,0.02273603989065205
32.0,0.0,252413.0,0.0,60.0,10.0,4.0,1.0,39.0,3.0,2.0,15.0,3.0,0.0,1,0,0.1964142484922694
65.0,0.0,373606.0,0.0,48.0,10.0,6.0,1.0,39.0,12.0,0.0,15.0,4.0,4.0,1,0,0.1778204968596521
60.0,0.0,126569.0,0.0,37.0,13.0,5.0,1.0,39.0,3.0,2.0,9.0,4.0,0.0,0,1,0.6849156464741941
40.0,0.0,196584.0,1564.0,45.0,11.0,4.0,0.0,39.0,10.0,4.0,8.0,4.0,1.0,1,0,0.07919404957436318
40.0,0.0,230568.0,0.0,61.0,13.0,4.0,1.0,39.0,1.0,0.0,9.0,4.0,1.0,1,0,0.1632267305019461
38.0,0.0,177305.0,0.0,38.0,13.0,2.0,1.0,39.0,10.0,2.0,9.0,4.0,0.0,0,1,0.6756853021554113
45.0,0.0,198692.0,0.0,42.0,10.0,6.0,1.0,39.0,3.0,2.0,15.0,4.0,0.0,1,0,0.3848810378841507
40.0,0.0,30030.0,0.0,57.0,9.0,1.0,1.0,39.0,3.0,2.0,11.0,2.0,0.0,1,0,0.3150217772653932
99.0,0.0,185195.0,0.0,55.0,13.0,6.0,1.0,39.0,4.0,2.0,9.0,4.0,0.0,0,1,0.7547463589187956
40.0,0.0,183479.0,0.0,42.0,11.0,4.0,1.0,39.0,12.0,2.0,8.0,4.0,0.0,1,0,0.4540577105515847
50.0,0.0,151504.0,0.0,44.0,10.0,4.0,1.0,39.0,12.0,2.0,15.0,4.0,0.0,0,1,0.5155566697267974
40.0,0.0,174964.0,0.0,52.0,9.0,4.0,1.0,39.0,12.0,2.0,11.0,4.0,0.0,1,0,0.38034219054180773
45.0,0.0,212448.0,0.0,57.0,13.0,4.0,0.0,39.0,4.0,0.0,9.0,4.0,1.0,1,0,0.2788974129817126
60.0,0.0,196348.0,0.0,36.0,9.0,7.0,1.0,39.0,4.0,2.0,11.0,4.0,0.0,1,0,0.3334148686266032
70.0,0.0,53481.0,0.0,58.0,13.0,0.0,1.0,39.0,0.0,2.0,9.0,4.0,0.0,0,1,0.691818145849403
70.0,0.0,121055.0,0.0,31.0,9.0,2.0,1.0,39.0,3.0,2.0,11.0,4.0,0.0,1,0,0.2301736050593181
24.0,0.0,89391.0,0.0,81.0,15.0,0.0,1.0,39.0,0.0,2.0,14.0,4.0,0.0,1,0,0.2678548064835257
99.0,0.0,262285.0,0.0,66.0,13.0,4.0,1.0,39.0,10.0,2.0,9.0,4.0,0.0,0,1,0.6638950395834038
38.0,0.0,125892.0,0.0,48.0,10.0,5.0,1.0,39.0,12.0,2.0,15.0,4.0,0.0,1,0,0.47212573583137407
60.0,0.0,342907.0,0.0,46.0,9.0,6.0,1.0,39.0,12.0,2.0,11.0,2.0,0.0,1,0,0.4015428627822135
40.0,0.0,123598.0,0.0,46.0,13.0,4.0,1.0,39.0,12.0,2.0,9.0,4.0,0.0,0,1,0.727627584727146
40.0,0.0,186269.0,0.0,30.0,13.0,4.0,1.0,39.0,13.0,2.0,9.0,4.0,0.0,0,1,0.5187254478550285
40.0,0.0,329733.0,0.0,54.0,9.0,4.0,1.0,39.0,4.0,4.0,11.0,4.0,4.0,1,0,0.09815016435736156
40.0,0.0,294431.0,0.0,42.0,14.0,1.0,1.0,39.0,10.0,2.0,12.0,4.0,0.0,0,1,0.7947299111902061
40.0,0.0,154410.0,0.0,39.0,9.0,4.0,1.0,39.0,1.0,2.0,11.0,4.0,0.0,1,0,0.28198924930462005
40.0,0.0,125461.0,0.0,41.0,10.0,4.0,1.0,39.0,3.0,0.0,15.0,4.0,1.0,1,0,0.08731863279968204
40.0,0.0,168211.0,1485.0,49.0,10.0,4.0,1.0,39.0,3.0,2.0,15.0,4.0,0.0,1,0,0.4231550376752253
46.0,0.0,27444.0,0.0,41.0,10.0,4.0,1.0,39.0,1.0,2.0,15.0,4.0,0.0,1,0,0.4398725985423246
40.0,0.0,252079.0,0.0,49.0,10.0,4.0,1.0,39.0,14.0,2.0,15.0,4.0,0.0,1,0,0.43911026263297476
40.0,0.0,159187.0,0.0,31.0,10.0,4.0,1.0,39.0,3.0,2.0,15.0,4.0,0.0,1,0,0.22290582420224014
36.0,0.0,154568.0,0.0,30.0,13.0,4.0,1.0,40.0,3.0,2.0,9.0,1.0,0.0,1,0,0.31778842030005694
84.0,0.0,300104.0,0.0,57.0,9.0,4.0,1.0,39.0,3.0,2.0,11.0,4.0,0.0,1,0,0.4097955639395516
37.0,0.0,193047.0,0.0,46.0,13.0,7.0,1.0,39.0,10.0,2.0,9.0,4.0,0.0,0,1,0.6366922127351125
40.0,0.0,114937.0,0.0,31.0,12.0,4.0,1.0,39.0,1.0,2.0,7.0,4.0,0.0,1,0,0.24160652638916535
45.0,0.0,191411.0,0.0,47.0,14.0,4.0,1.0,19.0,10.0,2.0,12.0,1.0,0.0,0,1,0.7811013587181919
35.0,0.0,177271.0,0.0,57.0,16.0,6.0,1.0,39.0,10.0,2.0,10.0,4.0,0.0,0,1,0.7401407571633075
32.0,0.0,159908.0,0.0,61.0,7.0,7.0,0.0,39.0,8.0,6.0,1.0,4.0,4.0,1,0,0.01140420581192569
40.0,0.0,71417.0,0.0,53.0,16.0,7.0,1.0,39.0,10.0,2.0,10.0,4.0,0.0,0,1,0.7678494617820332
40.0,0.0,271262.0,0.0,50.0,9.0,4.0,1.0,39.0,14.0,2.0,11.0,4.0,0.0,1,0,0.3589051669107147
35.0,0.0,251854.0,0.0,27.0,13.0,0.0,0.0,0.0,0.0,2.0,9.0,2.0,5.0,1,0,0.2791861518864373
40.0,0.0,103649.0,0.0,30.0,13.0,4.0,0.0,39.0,1.0,2.0,9.0,2.0,5.0,1,0,0.4598216702298553
45.0,0.0,111363.0,0.0,33.0,13.0,4.0,1.0,39.0,3.0,2.0,9.0,4.0,0.0,0,1,0.5586063486673457
50.0,0.0,133201.0,0.0,55.0,14.0,2.0,1.0,39.0,4.0,2.0,12.0,4.0,0.0,0,1,0.859650762671294
40.0,0.0,185602.0,0.0,42.0,9.0,4.0,0.0,39.0,4.0,2.0,11.0,4.0,5.0,1,0,0.46640219483847234
40.0,0.0,31740.0,0.0,32.0,14.0,4.0,1.0,19.0,10.0,2.0,12.0,1.0,0.0,0,1,0.583424719995348
50.0,0.0,446358.0,0.0,31.0,16.0,2.0,1.0,26.0,10.0,4.0,10.0,4.0,1.0,1,0,0.2875723923225592
48.0,0.0,211231.0,0.0,25.0,9.0,4.0,0.0,39.0,13.0,2.0,11.0,4.0,2.0,1,0,0.029328456407084147
45.0,0.0,199763.0,0.0,56.0,10.0,4.0,1.0,39.0,3.0,2.0,15.0,4.0,0.0,0,1,0.5226104394779761
55.0,0.0,294313.0,0.0,58.0,10.0,2.0,0.0,39.0,1.0,2.0,15.0,2.0,5.0,0,1,0.5180953002916844
35.0,0.0,207185.0,0.0,39.0,10.0,4.0,0.0,33.0,4.0,2.0,15.0,4.0,5.0,1,0,0.49343442602301807
60.0,0.0,263561.0,0.0,33.0,10.0,4.0,1.0,39.0,3.0,2.0,15.0,4.0,0.0,1,0,0.38132459285439174
65.0,0.0,144949.0,0.0,33.0,13.0,5.0,1.0,39.0,12.0,2.0,9.0,4.0,0.0,0,1,0.7265842309712119
60.0,0.0,249935.0,0.0,45.0,13.0,4.0,1.0,39.0,5.0,2.0,9.0,4.0,0.0,0,1,0.6646324149862967
40.0,0.0,213195.0,0.0,28.0,12.0,2.0,0.0,39.0,1.0,2.0,7.0,4.0,5.0,1,0,0.38274835492223014
40.0,0.0,157079.0,0.0,55.0,10.0,4.0,1.0,0.0,11.0,2.0,15.0,2.0,0.0,1,0,0.414014593949591
40.0,0.0,210013.0,0.0,44.0,9.0,4.0,1.0,39.0,14.0,2.0,11.0,4.0,0.0,1,0,0.302359065149438
40.0,0.0,168381.0,0.0,52.0,9.0,4.0,0.0,19.0,8.0,6.0,11.0,1.0,4.0,1,0,0.025313171091688166
42.0,0.0,286689.0,0.0,32.0,12.0,4.0,1.0,39.0,13.0,2.0,7.0,4.0,0.0,1,0,0.40706778717021636
41.0,0.0,137618.0,0.0,29.0,10.0,4.0,0.0,39.0,8.0,4.0,15.0,4.0,1.0,1,0,0.0189955328474708
40.0,0.0,343646.0,0.0,39.0,13.0,7.0,1.0,26.0,11.0,0.0,9.0,4.0,1.0,1,0,0.2500715113283344
35.0,0.0,163113.0,0.0,58.0,9.0,4.0,0.0,39.0,12.0,6.0,11.0,4.0,1.0,1,0,0.040369363496864895
60.0,3103.0,187794.0,0.0,60.0,9.0,6.0,1.0,39.0,14.0,2.0,11.0,4.0,0.0,1,0,0.4779121068236328
40.0,0.0,36039.0,0.0,65.0,9.0,0.0,1.0,39.0,0.0,2.0,11.0,4.0,0.0,1,0,0.2411036637536934
50.0,0.0,326104.0,0.0,33.0,10.0,4.0,1.0,39.0,4.0,2.0,15.0,4.0,0.0,1,0,0.4757169186077808
35.0,0.0,112821.0,0.0,60.0,10.0,0.0,1.0,39.0,0.0,2.0,15.0,4.0,0.0,1,0,0.30336914720754377
52.0,0.0,204325.0,0.0,54.0,10.0,2.0,1.0,39.0,11.0,2.0,15.0,4.0,0.0,0,1,0.5575131326792202
80.0,0.0,274363.0,0.0,41.0,10.0,4.0,1.0,39.0,12.0,5.0,15.0,4.0,1.0,1,0,0.12956806604388926
40.0,0.0,181196.0,0.0,60.0,10.0,5.0,1.0,39.0,4.0,2.0,15.0,4.0,0.0,1,0,0.49977658053101726
60.0,0.0,403391.0,0.0,38.0,13.0,6.0,1.0,39.0,4.0,2.0,9.0,4.0,0.0,0,1,0.7434377319992616
60.0,0.0,149161.0,0.0,46.0,10.0,4.0,1.0,0.0,4.0,2.0,15.0,1.0,0.0,0,1,0.5599399787245858
50.0,0.0,101510.0,0.0,34.0,13.0,4.0,0.0,39.0,12.0,0.0,9.0,4.0,1.0,1,0,0.1895366695029315
60.0,0.0,190023.0,0.0,39.0,13.0,6.0,1.0,39.0,12.0,2.0,9.0,4.0,0.0,0,1,0.6938807717881407
40.0,0.0,198170.0,0.0,60.0,10.0,4.0,1.0,39.0,14.0,2.0,15.0,4.0,0.0,1,0,0.4450467641154747
20.0,0.0,34361.0,0.0,51.0,10.0,4.0,0.0,39.0,4.0,2.0,15.0,4.0,5.0,1,0,0.4039560845486583
40.0,0.0,109209.0,0.0,46.0,10.0,4.0,1.0,39.0,1.0,2.0,15.0,4.0,0.0,1,0,0.38405988034447636
40.0,0.0,52849.0,0.0,43.0,13.0,7.0,1.0,39.0,10.0,2.0,9.0,4.0,0.0,0,1,0.5908065538340589
40.0,0.0,105017.0,0.0,65.0,13.0,0.0,1.0,39.0,0.0,2.0,9.0,4.0,0.0,0,1,0.5157169899325987
70.0,0.0,102729.0,0.0,36.0,12.0,5.0,1.0,39.0,10.0,2.0,7.0,4.0,0.0,0,1,0.5057687891307154
45.0,0.0,345277.0,0.0,33.0,13.0,4.0,0.0,39.0,13.0,4.0,9.0,4.0,1.0,1,0,0.12625506564294176
50.0,0.0,188246.0,0.0,31.0,14.0,4.0,1.0,39.0,10.0,2.0,12.0,4.0,0.0,0,1,0.6735094036994348
40.0,0.0,180553.0,0.0,27.0,9.0,0.0,0.0,39.0,0.0,2.0,11.0,4.0,5.0,1,0,0.2793159401452244
14.0,0.0,175689.0,0.0,59.0,10.0,4.0,0.0,5.0,1.0,2.0,15.0,4.0,5.0,1,0,0.32588684200243817
42.0,0.0,95519.0,0.0,53.0,9.0,4.0,1.0,39.0,10.0,2.0,11.0,4.0,0.0,1,0,0.4000694003610767
40.0,0.0,262233.0,0.0,43.0,13.0,1.0,1.0,39.0,4.0,0.0,9.0,4.0,1.0,1,0,0.22424482192361447
60.0,0.0,23510.0,2201.0,42.0,14.0,5.0,1.0,19.0,4.0,0.0,12.0,1.0,4.0,1,0,0.3133188944991377
48.0,0.0,249644.0,0.0,51.0,10.0,4.0,1.0,39.0,3.0,0.0,15.0,4.0,1.0,1,0,0.1619450049909197
40.0,0.0,34377.0,0.0,46.0,12.0,4.0,1.0,39.0,3.0,2.0,7.0,4.0,0.0,1,0,0.4381254201025056
40.0,0.0,53893.0,0.0,46.0,10.0,4.0,1.0,39.0,13.0,2.0,15.0,4.0,0.0,1,0,0.4187361459229139
40.0,0.0,134768.0,0.0,62.0,8.0,6.0,1.0,39.0,3.0,2.0,2.0,4.0,0.0,1,0,0.22349140591674968
40.0,0.0,162678.0,0.0,62.0,13.0,7.0,1.0,39.0,4.0,2.0,9.0,4.0,0.0,0,1,0.646882868686581
50.0,0.0,124483.0,0.0,35.0,13.0,4.0,1.0,0.0,12.0,4.0,9.0,1.0,1.0,1,0,0.16089631968275428
50.0,0.0,201117.0,0.0,36.0,13.0,4.0,1.0,39.0,4.0,2.0,9.0,4.0,0.0,0,1,0.7818022291438644
50.0,0.0,190305.0,0.0,31.0,14.0,7.0,1.0,39.0,10.0,2.0,12.0,4.0,0.0,0,1,0.6456874768572056
40.0,0.0,184659.0,1485.0,35.0,9.0,7.0,1.0,39.0,3.0,2.0,11.0,4.0,0.0,1,0,0.18254202396913613
50.0,0.0,175942.0,0.0,57.0,10.0,4.0,0.0,39.0,4.0,0.0,15.0,4.0,1.0,1,0,0.17246893490151832
40.0,0.0,168216.0,0.0,48.0,10.0,4.0,1.0,39.0,12.0,2.0,15.0,4.0,0.0,1,0,0.4767052101321962
40.0,0.0,81534.0,0.0,62.0,10.0,4.0,1.0,39.0,12.0,2.0,15.0,1.0,0.0,1,0,0.3762967955534689
45.0,0.0,104748.0,0.0,51.0,10.0,4.0,1.0,39.0,4.0,2.0,15.0,4.0,0.0,0,1,0.5974436844216789
40.0,0.0,328301.0,0.0,35.0,12.0,4.0,0.0,39.0,1.0,1.0,7.0,4.0,5.0,0,1,0.5219168193748921
40.0,6097.0,196610.0,0.0,71.0,4.0,4.0,1.0,39.0,4.0,6.0,5.0,4.0,1.0,1,0,0.10763152270100768
45.0,0.0,205100.0,0.0,51.0,10.0,4.0,0.0,39.0,12.0,0.0,15.0,4.0,1.0,1,0,0.1236553144520429
40.0,0.0,219886.0,0.0,61.0,10.0,4.0,0.0,39.0,13.0,2.0,15.0,4.0,5.0,1,0,0.48605257415643577
45.0,0.0,201988.0,0.0,33.0,14.0,4.0,1.0,39.0,10.0,2.0,12.0,4.0,0.0,0,1,0.7082478285733437
40.0,0.0,163140.0,0.0,79.0,9.0,0.0,1.0,39.0,0.0,2.0,11.0,4.0,0.0,1,0,0.2489620051144287
52.0,0.0,29762.0,0.0,41.0,9.0,4.0,1.0,39.0,3.0,2.0,11.0,4.0,0.0,1,0,0.32250368995878376
40.0,0.0,191858.0,0.0,47.0,12.0,1.0,1.0,39.0,1.0,2.0,7.0,4.0,0.0,1,0,0.4759748751107027
50.0,0.0,172304.0,0.0,31.0,10.0,4.0,1.0,39.0,3.0,2.0,15.0,4.0,0.0,1,0,0.2941417661633303
55.0,0.0,125933.0,0.0,36.0,15.0,6.0,1.0,39.0,10.0,4.0,14.0,4.0,1.0,1,0,0.4871899070847691
45.0,0.0,149640.0,0.0,46.0,13.0,4.0,1.0,9.0,10.0,0.0,9.0,4.0,1.0,1,0,0.3093088235961153
40.0,0.0,94081.0,0.0,51.0,9.0,4.0,1.0,39.0,3.0,4.0,11.0,4.0,1.0,1,0,0.0732206621263437
45.0,0.0,224799.0,0.0,40.0,13.0,4.0,1.0,39.0,10.0,2.0,9.0,4.0,0.0,0,1,0.7526519301935498
40.0,3103.0,105582.0,0.0,55.0,9.0,4.0,1.0,39.0,6.0,2.0,11.0,4.0,0.0,1,0,0.3514413832404724
50.0,0.0,392812.0,0.0,33.0,10.0,4.0,1.0,39.0,6.0,2.0,15.0,4.0,0.0,1,0,0.32809555667588675
40.0,0.0,177413.0,0.0,29.0,9.0,4.0,1.0,39.0,7.0,2.0,11.0,4.0,0.0,1,0,0.11965268292909555
40.0,0.0,218955.0,0.0,35.0,13.0,4.0,1.0,39.0,12.0,2.0,9.0,4.0,0.0,0,1,0.6202680439296882
40.0,0.0,154941.0,0.0,25.0,13.0,4.0,1.0,39.0,12.0,2.0,9.0,4.0,0.0,1,0,0.3103676695230585
48.0,0.0,100479.0,0.0,44.0,12.0,2.0,1.0,39.0,10.0,2.0,7.0,4.0,0.0,0,1,0.5227551024275606
80.0,0.0,37237.0,0.0,51.0,9.0,4.0,1.0,39.0,5.0,2.0,11.0,4.0,0.0,1,0,0.2959757228500019
65.0,0.0,206066.0,0.0,42.0,14.0,6.0,1.0,39.0,10.0,2.0,12.0,4.0,0.0,0,1,0.7608649529897992
56.0,0.0,81654.0,0.0,47.0,10.0,2.0,1.0,39.0,4.0,0.0,15.0,4.0,1.0,1,0,0.20512929170210778
50.0,0.0,234504.0,0.0,48.0,9.0,4.0,1.0,39.0,4.0,2.0,11.0,4.0,0.0,0,1,0.5054773860918584
58.0,0.0,104892.0,0.0,44.0,10.0,5.0,1.0,39.0,3.0,2.0,15.0,4.0,0.0,1,0,0.4520579585698331
40.0,0.0,110977.0,0.0,52.0,16.0,4.0,1.0,39.0,4.0,4.0,10.0,4.0,1.0,1,0,0.49310485377583274
40.0,0.0,359155.0,0.0,27.0,13.0,4.0,0.0,39.0,10.0,2.0,9.0,4.0,5.0,1,0,0.49577647588794327
40.0,0.0,49020.0,1974.0,39.0,14.0,4.0,1.0,39.0,4.0,4.0,12.0,4.0,1.0,0,1,0.6104397762430676
50.0,0.0,150025.0,0.0,28.0,5.0,4.0,1.0,0.0,3.0,4.0,6.0,4.0,1.0,1,0,0.036470777870222605
55.0,0.0,109434.0,0.0,45.0,13.0,4.0,1.0,39.0,10.0,2.0,9.0,4.0,0.0,0,1,0.749145594105052
40.0,0.0,272625.0,0.0,42.0,11.0,1.0,0.0,39.0,1.0,0.0,8.0,2.0,4.0,1,0,0.05656871468518023
45.0,0.0,180142.0,0.0,52.0,14.0,4.0,1.0,39.0,13.0,2.0,12.0,4.0,0.0,0,1,0.8343490496622687
32.0,0.0,101352.0,0.0,32.0,10.0,4.0,0.0,39.0,13.0,2.0,15.0,4.0,5.0,1,0,0.28939110509042326
99.0,0.0,178370.0,0.0,31.0,9.0,4.0,0.0,39.0,8.0,0.0,11.0,4.0,4.0,1,0,0.03716887807969523
35.0,0.0,412296.0,0.0,37.0,9.0,4.0,1.0,26.0,3.0,2.0,11.0,4.0,0.0,1,0,0.19986236250014075
40.0,0.0,88055.0,0.0,62.0,13.0,4.0,1.0,39.0,7.0,2.0,9.0,4.0,0.0,0,1,0.5014144979523062
38.0,0.0,393354.0,0.0,43.0,10.0,4.0,0.0,39.0,1.0,2.0,15.0,2.0,5.0,1,0,0.4243214025488143
35.0,0.0,169628.0,0.0,43.0,13.0,4.0,0.0,39.0,12.0,4.0,9.0,2.0,4.0,1,0,0.0703477806126026
55.0,0.0,251659.0,1485.0,31.0,10.0,4.0,1.0,0.0,8.0,2.0,15.0,1.0,0.0,1,0,0.21563017456754596
40.0,0.0,168324.0,0.0,41.0,10.0,4.0,0.0,39.0,1.0,2.0,15.0,4.0,5.0,1,0,0.45047811820216993
60.0,0.0,284403.0,0.0,43.0,12.0,4.0,1.0,39.0,12.0,2.0,7.0,2.0,0.0,0,1,0.5921984295941597
70.0,0.0,82540.0,0.0,37.0,5.0,6.0,1.0,39.0,14.0,2.0,6.0,4.0,0.0,1,0,0.16899572175318517
70.0,0.0,113324.0,0.0,41.0,11.0,6.0,1.0,39.0,5.0,2.0,8.0,4.0,0.0,1,0,0.31099264695576645
40.0,0.0,145041.0,0.0,47.0,9.0,4.0,1.0,5.0,7.0,2.0,11.0,4.0,0.0,1,0,0.22330904665091791
50.0,0.0,189498.0,0.0,49.0,9.0,4.0,1.0,39.0,12.0,2.0,11.0,4.0,0.0,1,0,0.44417403490396756
38.0,0.0,166187.0,0.0,67.0,9.0,4.0,1.0,39.0,4.0,6.0,11.0,4.0,4.0,1,0,0.06690340914045435
40.0,0.0,236040.0,0.0,45.0,10.0,4.0,1.0,39.0,10.0,2.0,15.0,4.0,0.0,1,0,0.4767052101321962
40.0,0.0,164749.0,0.0,46.0,10.0,4.0,1.0,39.0,4.0,2.0,15.0,4.0,0.0,1,0,0.4996089544313418
40.0,0.0,36924.0,0.0,41.0,10.0,2.0,1.0,39.0,1.0,2.0,15.0,4.0,0.0,1,0,0.3264865216212135
40.0,0.0,136787.0,0.0,61.0,10.0,1.0,1.0,39.0,1.0,2.0,15.0,4.0,0.0,1,0,0.41852043625976076
45.0,0.0,380614.0,0.0,39.0,10.0,4.0,0.0,39.0,10.0,0.0,15.0,4.0,1.0,1,0,0.11819368567996262
50.0,0.0,204527.0,0.0,35.0,14.0,4.0,1.0,39.0,3.0,4.0,12.0,4.0,1.0,1,0,0.20458961066893777
16.0,0.0,193130.0,0.0,56.0,15.0,4.0,1.0,39.0,4.0,2.0,14.0,4.0,0.0,0,1,0.5880460765229085
45.0,0.0,182668.0,0.0,69.0,9.0,0.0,1.0,39.0,0.0,2.0,11.0,4.0,0.0,1,0,0.31771727243241044
45.0,0.0,116632.0,0.0,43.0,10.0,0.0,1.0,39.0,0.0,2.0,15.0,4.0,0.0,1,0,0.44417493262122243
45.0,0.0,118551.0,0.0,32.0,14.0,4.0,0.0,39.0,4.0,4.0,12.0,4.0,1.0,1,0,0.13515799177615892
20.0,0.0,133821.0,0.0,71.0,9.0,5.0,0.0,39.0,1.0,2.0,11.0,4.0,5.0,1,0,0.22803716604619997
62.0,0.0,187830.0,0.0,50.0,14.0,4.0,1.0,39.0,4.0,0.0,12.0,4.0,1.0,1,0,0.4784339503415789
70.0,0.0,240013.0,0.0,52.0,14.0,6.0,1.0,39.0,12.0,2.0,12.0,4.0,0.0,0,1,0.7880407634835414
40.0,0.0,98116.0,0.0,75.0,10.0,5.0,1.0,39.0,12.0,6.0,15.0,4.0,1.0,1,0,0.0704209854368066
40.0,0.0,53197.0,0.0,51.0,10.0,4.0,1.0,39.0,3.0,2.0,15.0,4.0,0.0,1,0,0.39793634634989133
60.0,0.0,335704.0,0.0,35.0,12.0,4.0,1.0,39.0,12.0,2.0,7.0,4.0,0.0,0,1,0.5331411609627135
55.0,0.0,302406.0,0.0,27.0,14.0,4.0,1.0,39.0,10.0,2.0,12.0,4.0,0.0,0,1,0.5544352826962669
60.0,0.0,90705.0,0.0,32.0,9.0,4.0,1.0,39.0,14.0,2.0,11.0,4.0,0.0,1,0,0.22151860607140383
40.0,0.0,156566.0,0.0,41.0,10.0,4.0,1.0,39.0,3.0,2.0,15.0,4.0,0.0,1,0,0.3682419709278404
40.0,0.0,359461.0,0.0,47.0,13.0,4.0,1.0,39.0,3.0,2.0,9.0,4.0,0.0,0,1,0.6650620560108675
40.0,0.0,69251.0,0.0,34.0,9.0,4.0,1.0,39.0,14.0,2.0,11.0,1.0,0.0,1,0,0.17980391434514073
40.0,3103.0,168598.0,0.0,45.0,8.0,4.0,0.0,39.0,1.0,2.0,2.0,2.0,5.0,1,0,0.36803208890171407
40.0,0.0,89172.0,0.0,41.0,10.0,2.0,1.0,39.0,5.0,2.0,15.0,4.0,0.0,1,0,0.26112829012165945
55.0,0.0,103580.0,0.0,54.0,12.0,4.0,0.0,39.0,4.0,0.0,7.0,4.0,4.0,1,0,0.1796680312040995
40.0,0.0,354024.0,0.0,58.0,9.0,4.0,0.0,39.0,1.0,2.0,11.0,4.0,5.0,1,0,0.42963536177649303
40.0,0.0,204235.0,0.0,42.0,10.0,4.0,1.0,39.0,10.0,2.0,15.0,4.0,0.0,1,0,0.42864508480980024
60.0,0.0,321856.0,0.0,40.0,9.0,4.0,1.0,39.0,14.0,0.0,11.0,4.0,1.0,1,0,0.11051591761978359
40.0,0.0,364782.0,0.0,38.0,9.0,4.0,1.0,39.0,3.0,2.0,11.0,4.0,0.0,1,0,0.2958898672629384
20.0,0.0,166961.0,0.0,30.0,10.0,6.0,0.0,39.0,1.0,2.0,15.0,4.0,5.0,1,0,0.2684804039380494
50.0,0.0,51744.0,0.0,90.0,14.0,4.0,1.0,39.0,4.0,4.0,12.0,2.0,1.0,1,0,0.27457647672458424
43.0,0.0,240389.0,0.0,35.0,10.0,4.0,1.0,39.0,12.0,2.0,15.0,4.0,0.0,1,0,0.4073064076877766
40.0,0.0,180881.0,0.0,52.0,13.0,4.0,1.0,39.0,4.0,2.0,9.0,4.0,0.0,0,1,0.7454140881679057
40.0,0.0,222654.0,0.0,31.0,13.0,4.0,1.0,39.0,4.0,2.0,9.0,4.0,0.0,0,1,0.5506916297872138
40.0,0.0,36228.0,1902.0,46.0,9.0,2.0,1.0,39.0,3.0,2.0,11.0,4.0,0.0,0,1,0.8308984097291463
40.0,0.0,226871.0,0.0,49.0,9.0,2.0,1.0,39.0,7.0,2.0,11.0,2.0,0.0,1,0,0.2208654038216046
40.0,3103.0,205152.0,0.0,32.0,9.0,4.0,1.0,39.0,4.0,2.0,11.0,4.0,0.0,1,0,0.36448418741252214
40.0,0.0,432565.0,0.0,30.0,11.0,4.0,0.0,2.0,13.0,2.0,8.0,4.0,2.0,1,0,0.05019746186557344
40.0,0.0,210825.0,0.0,66.0,10.0,4.0,1.0,39.0,13.0,2.0,15.0,4.0,0.0,1,0,0.39644781658689865
40.0,0.0,46044.0,0.0,47.0,14.0,4.0,1.0,39.0,4.0,2.0,12.0,4.0,0.0,0,1,0.7769448146432406
45.0,0.0,317175.0,0.0,24.0,13.0,4.0,1.0,39.0,12.0,2.0,9.0,4.0,0.0,1,0,0.28981762870291683
35.0,0.0,136450.0,0.0,25.0,12.0,6.0,0.0,39.0,1.0,2.0,7.0,4.0,5.0,1,0,0.18936169078136084
40.0,0.0,201732.0,0.0,42.0,10.0,4.0,1.0,39.0,12.0,2.0,15.0,4.0,0.0,1,0,0.42864508480980024
30.0,3103.0,276456.0,0.0,51.0,12.0,6.0,1.0,39.0,12.0,2.0,7.0,4.0,0.0,1,0,0.4464513639972621
8.0,0.0,204486.0,0.0,60.0,13.0,0.0,1.0,39.0,0.0,2.0,9.0,4.0,0.0,1,0,0.319535809519924
44.0,0.0,85413.0,0.0,60.0,9.0,4.0,1.0,39.0,14.0,2.0,11.0,4.0,0.0,1,0,0.3763946603874084
40.0,0.0,140851.0,0.0,62.0,9.0,2.0,1.0,39.0,8.0,2.0,11.0,4.0,0.0,1,0,0.2125862185753876
40.0,0.0,182108.0,0.0,41.0,16.0,4.0,0.0,39.0,7.0,4.0,10.0,4.0,1.0,1,0,0.20882923805266201
40.0,0.0,164707.0,0.0,32.0,9.0,1.0,0.0,39.0,1.0,2.0,11.0,4.0,5.0,1,0,0.37625327643158696
40.0,0.0,92036.0,0.0,40.0,13.0,5.0,1.0,39.0,3.0,2.0,9.0,4.0,0.0,0,1,0.5650723981617
35.0,0.0,83413.0,0.0,32.0,13.0,1.0,1.0,39.0,1.0,2.0,9.0,4.0,0.0,1,0,0.3630750212716554
40.0,0.0,86837.0,0.0,64.0,12.0,1.0,1.0,39.0,8.0,2.0,7.0,1.0,0.0,1,0,0.32325848546931685
35.0,0.0,167670.0,0.0,60.0,13.0,4.0,1.0,39.0,10.0,2.0,9.0,4.0,0.0,0,1,0.6652442836985072
45.0,0.0,160120.0,0.0,36.0,13.0,6.0,1.0,0.0,12.0,2.0,9.0,3.0,0.0,0,1,0.5657557384848475
60.0,0.0,44257.0,0.0,47.0,13.0,1.0,1.0,39.0,4.0,3.0,9.0,4.0,1.0,1,0,0.28270661958207954
72.0,0.0,45366.0,0.0,41.0,9.0,4.0,1.0,39.0,3.0,2.0,11.0,4.0,0.0,1,0,0.32250368995878376
60.0,0.0,310255.0,0.0,44.0,10.0,4.0,1.0,39.0,3.0,2.0,15.0,4.0,0.0,1,0,0.4715005063411812
40.0,0.0,186808.0,0.0,36.0,13.0,4.0,1.0,39.0,3.0,2.0,9.0,4.0,3.0,1,0,0.14355961029735814
40.0,0.0,28334.0,0.0,63.0,14.0,4.0,0.0,39.0,4.0,0.0,12.0,4.0,1.0,1,0,0.19248103382151432
40.0,0.0,129661.0,0.0,27.0,11.0,0.0,0.0,39.0,0.0,2.0,8.0,0.0,5.0,1,0,0.26685670749187296
48.0,0.0,173495.0,0.0,34.0,10.0,4.0,1.0,39.0,3.0,2.0,15.0,4.0,0.0,1,0,0.3655210473958703
40.0,0.0,195844.0,0.0,51.0,10.0,2.0,1.0,39.0,11.0,2.0,15.0,4.0,0.0,1,0,0.4767052101321962
40.0,0.0,205822.0,0.0,44.0,10.0,4.0,1.0,39.0,12.0,2.0,15.0,4.0,0.0,1,0,0.43485365423802347
40.0,0.0,315143.0,0.0,33.0,9.0,4.0,1.0,5.0,12.0,2.0,11.0,4.0,0.0,1,0,0.2151948377905221
60.0,0.0,165466.0,0.0,38.0,9.0,4.0,1.0,39.0,1.0,2.0,11.0,4.0,0.0,1,0,0.3555475906641351
40.0,0.0,294708.0,0.0,40.0,9.0,4.0,1.0,39.0,14.0,2.0,11.0,2.0,0.0,1,0,0.2698189847582801
40.0,0.0,222756.0,0.0,43.0,14.0,1.0,1.0,39.0,3.0,2.0,12.0,4.0,0.0,0,1,0.6364949559616062
40.0,0.0,152629.0,0.0,43.0,9.0,4.0,1.0,39.0,3.0,2.0,11.0,4.0,0.0,1,0,0.28198924930462005
40.0,0.0,349148.0,0.0,31.0,9.0,4.0,1.0,39.0,3.0,2.0,11.0,4.0,0.0,1,0,0.18213265220962752
99.0,0.0,184425.0,0.0,55.0,10.0,6.0,1.0,39.0,5.0,2.0,15.0,4.0,0.0,1,0,0.3478498316611096
46.0,0.0,471990.0,0.0,46.0,9.0,4.0,1.0,39.0,14.0,2.0,11.0,2.0,0.0,1,0,0.40277409889096005
40.0,0.0,231413.0,0.0,30.0,10.0,4.0,1.0,39.0,3.0,2.0,15.0,4.0,0.0,1,0,0.22290582420224014
40.0,0.0,190786.0,0.0,43.0,9.0,4.0,1.0,39.0,8.0,2.0,11.0,4.0,0.0,1,0,0.2107152856578462
40.0,0.0,203067.0,0.0,49.0,10.0,4.0,1.0,39.0,10.0,2.0,15.0,4.0,0.0,1,0,0.4767052101321962
25.0,0.0,157778.0,0.0,30.0,10.0,4.0,1.0,39.0,10.0,2.0,15.0,4.0,0.0,1,0,0.17324738587455182
40.0,0.0,306289.0,0.0,49.0,9.0,5.0,1.0,39.0,4.0,2.0,11.0,4.0,0.0,1,0,0.4108849157359589
40.0,0.0,34377.0,0.0,49.0,8.0,4.0,1.0,39.0,3.0,2.0,2.0,4.0,0.0,1,0,0.25683314411587327
45.0,0.0,37672.0,0.0,47.0,13.0,2.0,0.0,39.0,10.0,2.0,9.0,4.0,5.0,0,1,0.6670200081605444
40.0,0.0,122353.0,0.0,39.0,13.0,6.0,1.0,39.0,4.0,2.0,9.0,4.0,0.0,0,1,0.644915157137893
40.0,0.0,154374.0,0.0,40.0,9.0,4.0,1.0,39.0,7.0,2.0,11.0,4.0,0.0,1,0,0.2107152856578462
30.0,0.0,86150.0,0.0,37.0,13.0,4.0,0.0,39.0,8.0,2.0,9.0,1.0,5.0,1,0,0.3352893803487973
40.0,0.0,132686.0,0.0,28.0,9.0,4.0,1.0,39.0,6.0,2.0,11.0,4.0,0.0,1,0,0.10075922573648603
46.0,3103.0,188432.0,0.0,48.0,9.0,4.0,1.0,39.0,7.0,2.0,11.0,4.0,0.0,1,0,0.461387944480345
60.0,0.0,145636.0,0.0,48.0,9.0,4.0,1.0,39.0,7.0,2.0,11.0,4.0,0.0,1,0,0.32061848886199634
65.0,0.0,221915.0,0.0,54.0,15.0,4.0,0.0,39.0,10.0,4.0,14.0,4.0,2.0,0,1,0.5169197874245309
25.0,0.0,170166.0,0.0,55.0,13.0,6.0,0.0,39.0,4.0,2.0,9.0,4.0,5.0,0,1,0.5903212440563209
60.0,0.0,213179.0,0.0,31.0,9.0,4.0,1.0,39.0,14.0,2.0,11.0,4.0,0.0,1,0,0.2298176851200118
40.0,0.0,255822.0,0.0,58.0,11.0,4.0,1.0,39.0,3.0,2.0,8.0,4.0,0.0,1,0,0.4375235811701718
60.0,0.0,352448.0,0.0,61.0,13.0,6.0,1.0,39.0,14.0,2.0,9.0,4.0,0.0,0,1,0.6732045572274912
40.0,0.0,100882.0,0.0,33.0,14.0,4.0,1.0,39.0,4.0,4.0,12.0,4.0,1.0,1,0,0.1461963892253064
40.0,0.0,30673.0,0.0,39.0,5.0,1.0,1.0,39.0,7.0,2.0,6.0,4.0,0.0,1,0,0.08591404396556304
45.0,0.0,84402.0,0.0,46.0,13.0,4.0,1.0,39.0,10.0,0.0,9.0,4.0,1.0,1,0,0.2814964124922491
40.0,0.0,98738.0,0.0,49.0,9.0,2.0,1.0,39.0,3.0,2.0,11.0,4.0,0.0,1,0,0.305970255334779
50.0,0.0,199995.0,0.0,51.0,5.0,4.0,1.0,39.0,3.0,2.0,6.0,4.0,0.0,1,0,0.18128179054727353
50.0,0.0,37314.0,0.0,39.0,14.0,4.0,1.0,39.0,4.0,4.0,12.0,4.0,1.0,1,0,0.31266874689013757
20.0,0.0,84979.0,0.0,79.0,11.0,6.0,1.0,39.0,12.0,2.0,8.0,4.0,0.0,1,0,0.22438343454169726
55.0,0.0,188774.0,0.0,37.0,13.0,6.0,1.0,39.0,11.0,4.0,9.0,4.0,1.0,1,0,0.17214788901986366
50.0,0.0,233511.0,0.0,48.0,9.0,4.0,1.0,39.0,14.0,2.0,11.0,4.0,0.0,1,0,0.4071485146109807
40.0,0.0,150570.0,0.0,33.0,13.0,4.0,1.0,39.0,12.0,2.0,9.0,4.0,0.0,0,1,0.5881693403603531
40.0,0.0,176716.0,0.0,42.0,14.0,4.0,1.0,39.0,4.0,4.0,12.0,4.0,1.0,1,0,0.22995790019800952
40.0,0.0,119033.0,0.0,32.0,9.0,7.0,1.0,39.0,14.0,2.0,11.0,4.0,0.0,1,0,0.16161120399168455
40.0,0.0,461337.0,0.0,36.0,10.0,4.0,0.0,39.0,1.0,2.0,15.0,4.0,5.0,0,1,0.5040565480185536
45.0,0.0,351869.0,1485.0,32.0,10.0,4.0,1.0,39.0,14.0,2.0,15.0,4.0,0.0,1,0,0.30273802228926366
40.0,0.0,53271.0,0.0,29.0,13.0,4.0,1.0,39.0,4.0,2.0,9.0,4.0,0.0,1,0,0.4921069141607551
40.0,0.0,30840.0,0.0,47.0,14.0,4.0,1.0,39.0,10.0,0.0,12.0,4.0,1.0,1,0,0.2554025654883061
45.0,5013.0,82649.0,0.0,49.0,13.0,4.0,1.0,39.0,10.0,2.0,9.0,4.0,0.0,0,1,0.5372271425431691
40.0,0.0,229272.0,0.0,50.0,9.0,7.0,1.0,39.0,3.0,2.0,11.0,2.0,0.0,1,0,0.25660245720777664
40.0,0.0,99127.0,0.0,47.0,11.0,0.0,1.0,39.0,0.0,2.0,8.0,4.0,0.0,1,0,0.38927314068229163
40.0,0.0,48915.0,0.0,39.0,9.0,4.0,1.0,39.0,7.0,2.0,11.0,4.0,0.0,1,0,0.18895745216593107
35.0,0.0,208452.0,0.0,65.0,10.0,5.0,1.0,39.0,12.0,2.0,15.0,4.0,0.0,1,0,0.3442042810143978
45.0,0.0,185385.0,0.0,49.0,12.0,4.0,1.0,39.0,12.0,2.0,7.0,4.0,0.0,0,1,0.616044417126671
40.0,0.0,202033.0,0.0,26.0,13.0,4.0,1.0,39.0,14.0,2.0,9.0,4.0,0.0,1,0,0.31067921327775994
40.0,0.0,126060.0,0.0,29.0,9.0,4.0,0.0,39.0,12.0,2.0,11.0,4.0,5.0,1,0,0.34597200423813484
40.0,0.0,271828.0,0.0,46.0,9.0,4.0,1.0,39.0,3.0,2.0,11.0,4.0,0.0,1,0,0.33077447897260037
40.0,0.0,280344.0,0.0,29.0,13.0,4.0,1.0,39.0,12.0,2.0,9.0,4.0,0.0,1,0,0.49401921609261834
60.0,0.0,193042.0,0.0,33.0,9.0,4.0,1.0,39.0,14.0,2.0,11.0,4.0,0.0,1,0,0.29999490542293045
40.0,0.0,107218.0,0.0,44.0,13.0,4.0,1.0,39.0,4.0,2.0,9.0,1.0,0.0,0,1,0.6555158526034932
50.0,0.0,246891.0,0.0,48.0,10.0,4.0,1.0,39.0,12.0,6.0,15.0,4.0,4.0,1,0,0.146274996243231
40.0,0.0,223999.0,1848.0,45.0,5.0,4.0,1.0,39.0,8.0,2.0,6.0,4.0,0.0,1,0,0.40719716838344194
40.0,0.0,286372.0,0.0,67.0,13.0,6.0,1.0,39.0,14.0,2.0,9.0,4.0,0.0,0,1,0.5260114734413878
40.0,0.0,150042.0,0.0,35.0,9.0,4.0,0.0,39.0,4.0,2.0,11.0,4.0,5.0,1,0,0.4497215294669549
40.0,0.0,97168.0,0.0,59.0,6.0,4.0,1.0,39.0,3.0,2.0,0.0,4.0,0.0,1,0,0.15175247087774982
40.0,0.0,186145.0,0.0,38.0,10.0,4.0,0.0,39.0,12.0,2.0,15.0,4.0,5.0,1,0,0.4894192119296714
70.0,0.0,32372.0,1672.0,51.0,13.0,6.0,1.0,39.0,4.0,2.0,9.0,4.0,0.0,0,1,0.6318202170964055
40.0,0.0,106023.0,0.0,63.0,9.0,4.0,1.0,39.0,3.0,2.0,11.0,4.0,0.0,1,0,0.2794855464291677
40.0,0.0,209808.0,0.0,34.0,10.0,4.0,1.0,39.0,1.0,2.0,15.0,4.0,0.0,1,0,0.2689429207670203
60.0,0.0,200089.0,0.0,24.0,9.0,4.0,1.0,26.0,3.0,2.0,11.0,4.0,0.0,1,0,0.08756089260797757
40.0,0.0,117683.0,0.0,39.0,9.0,4.0,1.0,39.0,14.0,2.0,11.0,4.0,0.0,1,0,0.2970478831069558
70.0,0.0,342635.0,0.0,38.0,13.0,6.0,1.0,39.0,10.0,2.0,9.0,4.0,0.0,0,1,0.7072379957589315
40.0,0.0,20795.0,0.0,50.0,10.0,2.0,1.0,39.0,11.0,2.0,15.0,4.0,0.0,1,0,0.44953478811640046
40.0,0.0,183390.0,0.0,50.0,13.0,2.0,1.0,39.0,10.0,5.0,9.0,4.0,1.0,1,0,0.17953756173955285
55.0,0.0,130057.0,0.0,32.0,9.0,4.0,1.0,39.0,12.0,2.0,11.0,4.0,0.0,1,0,0.28422322542581235
40.0,0.0,206139.0,0.0,41.0,9.0,4.0,1.0,39.0,12.0,2.0,11.0,4.0,0.0,1,0,0.3357636138604994
50.0,0.0,176683.0,0.0,29.0,13.0,4.0,1.0,39.0,12.0,4.0,9.0,4.0,1.0,1,0,0.12054592465188015
40.0,0.0,177727.0,0.0,53.0,9.0,4.0,1.0,39.0,7.0,2.0,11.0,4.0,0.0,1,0,0.24481043985362733
42.0,0.0,149909.0,0.0,43.0,9.0,4.0,1.0,39.0,3.0,2.0,11.0,4.0,0.0,1,0,0.3555475906641351
40.0,0.0,182028.0,0.0,57.0,13.0,4.0,0.0,39.0,4.0,2.0,9.0,4.0,5.0,0,1,0.707876881457434
40.0,0.0,92733.0,0.0,41.0,9.0,4.0,1.0,39.0,3.0,2.0,11.0,4.0,0.0,1,0,0.2594251999024372
60.0,0.0,267101.0,0.0,63.0,13.0,5.0,1.0,39.0,4.0,2.0,9.0,4.0,0.0,0,1,0.8031775477234229
55.0,0.0,64980.0,0.0,40.0,10.0,4.0,1.0,39.0,1.0,2.0,15.0,2.0,0.0,1,0,0.3943012452784181
40.0,0.0,214541.0,0.0,43.0,10.0,1.0,1.0,39.0,4.0,2.0,15.0,4.0,0.0,1,0,0.45837102357665255
30.0,0.0,120131.0,0.0,46.0,13.0,4.0,1.0,39.0,8.0,2.0,9.0,4.0,0.0,1,0,0.2773553114693207
40.0,0.0,46401.0,0.0,51.0,10.0,6.0,0.0,39.0,10.0,2.0,15.0,4.0,5.0,1,0,0.38675525939187094
40.0,0.0,173944.0,0.0,28.0,14.0,4.0,1.0,39.0,10.0,2.0,12.0,4.0,0.0,1,0,0.46350483685153926
99.0,0.0,183304.0,0.0,32.0,11.0,4.0,1.0,39.0,14.0,2.0,8.0,4.0,0.0,1,0,0.3390115572008336
40.0,0.0,163678.0,0.0,53.0,10.0,4.0,1.0,39.0,12.0,2.0,15.0,4.0,0.0,1,0,0.4767052101321962
45.0,0.0,232308.0,0.0,61.0,9.0,4.0,1.0,39.0,14.0,2.0,11.0,4.0,0.0,1,0,0.41297106118564103
40.0,0.0,123429.0,0.0,50.0,10.0,4.0,1.0,39.0,3.0,2.0,15.0,4.0,0.0,1,0,0.4231550376752253
40.0,0.0,288020.0,0.0,53.0,13.0,4.0,1.0,24.0,10.0,2.0,9.0,1.0,0.0,0,1,0.670759343856277
40.0,0.0,267859.0,0.0,33.0,10.0,4.0,1.0,5.0,4.0,2.0,15.0,4.0,0.0,1,0,0.2898130379079375
43.0,0.0,32212.0,0.0,49.0,9.0,4.0,0.0,39.0,4.0,2.0,11.0,4.0,5.0,0,1,0.5021012890979012
40.0,0.0,174018.0,0.0,63.0,10.0,4.0,1.0,39.0,12.0,2.0,15.0,2.0,0.0,1,0,0.3988368215549324
40.0,0.0,108542.0,0.0,26.0,10.0,4.0,1.0,39.0,1.0,2.0,15.0,4.0,0.0,1,0,0.13262278535562613
40.0,0.0,198841.0,0.0,37.0,11.0,4.0,1.0,39.0,3.0,2.0,8.0,4.0,0.0,1,0,0.3819806280919705
38.0,0.0,176839.0,0.0,62.0,13.0,4.0,1.0,39.0,13.0,2.0,9.0,4.0,0.0,0,1,0.6781376037221986
45.0,0.0,31023.0,0.0,35.0,13.0,4.0,1.0,39.0,12.0,2.0,9.0,4.0,0.0,0,1,0.6385145431771836
40.0,0.0,81487.0,0.0,45.0,10.0,1.0,1.0,33.0,1.0,2.0,15.0,4.0,0.0,1,0,0.39944981823048675
40.0,0.0,123306.0,0.0,40.0,11.0,4.0,1.0,39.0,10.0,2.0,8.0,4.0,0.0,1,0,0.4540577105515847
50.0,0.0,72896.0,0.0,46.0,10.0,4.0,1.0,39.0,4.0,2.0,15.0,4.0,0.0,0,1,0.5897378665023293
40.0,0.0,202872.0,0.0,44.0,12.0,4.0,0.0,39.0,10.0,0.0,7.0,4.0,1.0,1,0,0.08346940740780577
40.0,0.0,124569.0,0.0,31.0,10.0,4.0,0.0,39.0,1.0,2.0,15.0,4.0,5.0,1,0,0.37359553147787566
40.0,0.0,110188.0,0.0,35.0,13.0,1.0,1.0,40.0,10.0,2.0,9.0,1.0,0.0,0,1,0.5568650033027431
40.0,0.0,133669.0,0.0,49.0,10.0,4.0,1.0,39.0,1.0,2.0,15.0,4.0,0.0,1,0,0.4114417036184007
60.0,0.0,168538.0,0.0,40.0,9.0,4.0,1.0,39.0,12.0,2.0,11.0,4.0,0.0,1,0,0.39690604012678
50.0,3103.0,167081.0,0.0,40.0,14.0,6.0,1.0,39.0,12.0,2.0,12.0,4.0,0.0,0,1,0.8524065471721646
50.0,0.0,214502.0,0.0,58.0,5.0,4.0,1.0,39.0,6.0,2.0,6.0,4.0,0.0,1,0,0.13081093293773868
55.0,0.0,150057.0,0.0,39.0,10.0,4.0,1.0,39.0,3.0,2.0,15.0,4.0,0.0,1,0,0.4651994045447684
40.0,0.0,510072.0,0.0,42.0,9.0,4.0,1.0,39.0,3.0,2.0,11.0,4.0,0.0,1,0,0.2958898672629384
48.0,0.0,163921.0,0.0,50.0,9.0,5.0,1.0,39.0,12.0,2.0,11.0,4.0,0.0,1,0,0.4531048387758774
40.0,0.0,268234.0,0.0,49.0,9.0,2.0,1.0,39.0,11.0,2.0,11.0,4.0,0.0,1,0,0.38034219054180773
50.0,0.0,243660.0,0.0,29.0,9.0,4.0,1.0,39.0,7.0,2.0,11.0,4.0,0.0,1,0,0.16986508594876987
60.0,0.0,152369.0,0.0,60.0,11.0,4.0,1.0,39.0,3.0,2.0,8.0,4.0,0.0,0,1,0.5283907036952693
60.0,0.0,157749.0,0.0,56.0,10.0,4.0,1.0,39.0,5.0,2.0,15.0,4.0,0.0,1,0,0.42662932051786695
30.0,0.0,182460.0,0.0,59.0,9.0,4.0,1.0,39.0,4.0,2.0,11.0,4.0,0.0,1,0,0.19567310680001085
60.0,0.0,141118.0,0.0,34.0,14.0,4.0,0.0,39.0,10.0,0.0,12.0,4.0,3.0,1,0,0.2546046491344305
40.0,0.0,199599.0,0.0,40.0,6.0,4.0,1.0,39.0,4.0,2.0,0.0,4.0,0.0,1,0,0.18906743038516388
40.0,0.0,95165.0,0.0,59.0,16.0,4.0,1.0,39.0,12.0,2.0,10.0,4.0,0.0,0,1,0.729918059634009
40.0,0.0,230165.0,0.0,60.0,13.0,0.0,1.0,39.0,0.0,2.0,9.0,2.0,0.0,0,1,0.5782406616640954
55.0,0.0,72257.0,0.0,53.0,10.0,4.0,1.0,39.0,4.0,2.0,15.0,4.0,0.0,0,1,0.5974436844216789
45.0,0.0,353396.0,0.0,44.0,13.0,4.0,1.0,39.0,10.0,2.0,9.0,4.0,0.0,0,1,0.7695515264892511
40.0,0.0,104879.0,0.0,53.0,9.0,4.0,1.0,39.0,13.0,2.0,11.0,4.0,0.0,1,0,0.3387133509860246
40.0,0.0,41504.0,0.0,48.0,9.0,4.0,1.0,39.0,14.0,2.0,11.0,4.0,0.0,1,0,0.3001495080223394
40.0,0.0,56841.0,0.0,45.0,9.0,2.0,1.0,39.0,3.0,2.0,11.0,4.0,0.0,1,0,0.30135291076515275
45.0,0.0,228320.0,0.0,44.0,9.0,4.0,1.0,39.0,13.0,2.0,11.0,4.0,0.0,1,0,0.4029791339183182
6.0,6767.0,169303.0,0.0,74.0,9.0,0.0,1.0,39.0,0.0,2.0,11.0,4.0,0.0,0,1,0.5154215055638884
50.0,0.0,83953.0,0.0,40.0,10.0,4.0,1.0,39.0,14.0,2.0,15.0,4.0,0.0,1,0,0.41888550790870704
65.0,0.0,157887.0,0.0,31.0,10.0,4.0,1.0,39.0,4.0,2.0,15.0,4.0,0.0,1,0,0.38021598591972033
60.0,0.0,56026.0,0.0,34.0,9.0,4.0,1.0,39.0,5.0,2.0,11.0,4.0,0.0,1,0,0.20712458888610633
40.0,0.0,209184.0,0.0,32.0,13.0,4.0,1.0,33.0,12.0,2.0,9.0,3.0,0.0,0,1,0.5073333647255562
50.0,0.0,198660.0,0.0,33.0,13.0,4.0,1.0,39.0,12.0,2.0,9.0,4.0,0.0,0,1,0.719353219443698
45.0,0.0,247695.0,0.0,42.0,9.0,4.0,1.0,39.0,7.0,2.0,11.0,4.0,0.0,1,0,0.27987825470603894
35.0,0.0,171615.0,0.0,40.0,10.0,6.0,1.0,39.0,3.0,4.0,15.0,4.0,1.0,1,0,0.04864271559948059
40.0,6767.0,153602.0,0.0,90.0,9.0,2.0,1.0,39.0,8.0,2.0,11.0,4.0,0.0,0,1,0.6168073762112573
40.0,0.0,179877.0,0.0,34.0,10.0,4.0,1.0,39.0,7.0,2.0,15.0,4.0,0.0,1,0,0.20786841057388256
60.0,0.0,270565.0,0.0,46.0,11.0,4.0,1.0,39.0,10.0,2.0,8.0,4.0,0.0,0,1,0.5827730766619986
48.0,0.0,252986.0,0.0,41.0,10.0,4.0,1.0,39.0,3.0,2.0,15.0,4.0,0.0,1,0,0.4651994045447684
25.0,0.0,219906.0,0.0,29.0,13.0,2.0,0.0,39.0,10.0,2.0,9.0,4.0,5.0,1,0,0.4912828493415314
40.0,0.0,114459.0,0.0,47.0,9.0,4.0,1.0,39.0,12.0,2.0,11.0,4.0,0.0,1,0,0.3315957795766946
40.0,0.0,142712.0,0.0,29.0,10.0,1.0,1.0,39.0,1.0,2.0,15.0,4.0,0.0,1,0,0.2153169494201437
40.0,3464.0,129597.0,0.0,39.0,13.0,4.0,1.0,39.0,12.0,2.0,9.0,4.0,0.0,0,1,0.5474480924762462
55.0,0.0,202450.0,0.0,34.0,9.0,4.0,1.0,39.0,3.0,2.0,11.0,4.0,0.0,1,0,0.3073309829135624
40.0,0.0,198493.0,0.0,29.0,11.0,7.0,1.0,39.0,11.0,2.0,8.0,4.0,0.0,1,0,0.22913171263473223
40.0,0.0,255559.0,0.0,49.0,10.0,4.0,0.0,39.0,1.0,2.0,15.0,4.0,5.0,1,0,0.46481264549470275
40.0,0.0,80445.0,0.0,55.0,13.0,4.0,1.0,39.0,3.0,2.0,9.0,4.0,0.0,0,1,0.6195275919358993
35.0,0.0,389270.0,0.0,52.0,10.0,4.0,0.0,39.0,1.0,2.0,15.0,4.0,5.0,1,0,0.4450094087071947
40.0,0.0,43348.0,0.0,49.0,14.0,4.0,1.0,39.0,10.0,4.0,12.0,4.0,1.0,1,0,0.20937812468180483
32.0,0.0,127768.0,0.0,22.0,10.0,4.0,1.0,39.0,8.0,4.0,15.0,4.0,3.0,1,0,0.005720762031590572
20.0,0.0,192755.0,0.0,47.0,9.0,6.0,0.0,39.0,7.0,2.0,11.0,4.0,5.0,1,0,0.18229876660798577
40.0,0.0,270572.0,0.0,35.0,13.0,4.0,0.0,39.0,10.0,0.0,9.0,4.0,1.0,1,0,0.11653543359231999
43.0,0.0,216475.0,1564.0,51.0,13.0,4.0,0.0,39.0,12.0,4.0,9.0,4.0,1.0,1,0,0.17699052981046637
50.0,3103.0,221366.0,0.0,27.0,10.0,4.0,1.0,39.0,10.0,2.0,15.0,4.0,0.0,1,0,0.3711491850680273
45.0,0.0,209642.0,0.0,52.0,9.0,6.0,1.0,39.0,4.0,2.0,11.0,4.0,0.0,1,0,0.3996098565651515
20.0,0.0,174090.0,0.0,43.0,9.0,6.0,0.0,39.0,1.0,2.0,11.0,4.0,5.0,1,0,0.27091716821164136
40.0,0.0,27142.0,0.0,25.0,10.0,1.0,1.0,39.0,4.0,2.0,15.0,4.0,0.0,1,0,0.16435221058337346
45.0,0.0,162410.0,0.0,45.0,10.0,1.0,0.0,39.0,13.0,6.0,15.0,4.0,1.0,1,0,0.12569113602013182
40.0,0.0,110238.0,0.0,56.0,13.0,6.0,0.0,39.0,10.0,3.0,9.0,4.0,1.0,1,0,0.0898755286728729
40.0,0.0,167711.0,0.0,66.0,9.0,4.0,0.0,39.0,12.0,6.0,11.0,4.0,1.0,1,0,0.04399118556810259
40.0,0.0,358886.0,0.0,45.0,9.0,4.0,1.0,39.0,14.0,2.0,11.0,4.0,0.0,1,0,0.37200354780357076
25.0,0.0,116620.0,0.0,64.0,14.0,2.0,1.0,39.0,10.0,2.0,12.0,4.0,0.0,0,1,0.5055151633926089
90.0,0.0,35166.0,0.0,44.0,13.0,6.0,1.0,39.0,5.0,2.0,9.0,4.0,0.0,0,1,0.5182793271501984
55.0,0.0,111377.0,0.0,38.0,10.0,4.0,1.0,39.0,4.0,2.0,15.0,4.0,0.0,0,1,0.5331887622992922
50.0,0.0,265535.0,0.0,35.0,10.0,4.0,1.0,23.0,3.0,2.0,15.0,2.0,0.0,1,0,0.38772906158098985
60.0,0.0,38707.0,0.0,23.0,10.0,4.0,1.0,39.0,14.0,2.0,15.0,4.0,0.0,1,0,0.15685548395134155
60.0,0.0,28197.0,0.0,69.0,9.0,0.0,1.0,39.0,0.0,2.0,11.0,4.0,0.0,1,0,0.2465065528865225
40.0,0.0,235683.0,0.0,49.0,10.0,4.0,0.0,39.0,12.0,2.0,15.0,4.0,5.0,1,0,0.49490780099516285
24.0,0.0,280282.0,0.0,37.0,11.0,4.0,0.0,39.0,13.0,2.0,8.0,4.0,5.0,1,0,0.44846417204438344
60.0,0.0,184378.0,0.0,40.0,10.0,4.0,1.0,33.0,12.0,2.0,15.0,4.0,0.0,0,1,0.5092341057327738
56.0,0.0,156728.0,0.0,38.0,13.0,4.0,1.0,39.0,1.0,2.0,9.0,4.0,0.0,0,1,0.6664508969898917
45.0,0.0,173992.0,0.0,26.0,10.0,4.0,1.0,39.0,3.0,2.0,15.0,4.0,0.0,1,0,0.17184592423400702
40.0,0.0,226443.0,0.0,34.0,10.0,2.0,1.0,39.0,11.0,2.0,15.0,4.0,0.0,1,0,0.33193778466238927
40.0,0.0,160574.0,0.0,43.0,13.0,2.0,1.0,39.0,3.0,2.0,9.0,4.0,0.0,0,1,0.5841933709124254
70.0,0.0,34180.0,0.0,36.0,9.0,6.0,1.0,39.0,5.0,4.0,11.0,4.0,1.0,1,0,0.037171504891535694
25.0,0.0,209101.0,0.0,31.0,15.0,4.0,1.0,39.0,10.0,2.0,14.0,4.0,0.0,1,0,0.44967238206981786
40.0,0.0,154076.0,0.0,43.0,10.0,4.0,1.0,39.0,6.0,2.0,15.0,4.0,0.0,1,0,0.28378370691695026
45.0,0.0,120939.0,0.0,47.0,10.0,4.0,1.0,39.0,13.0,2.0,15.0,4.0,0.0,0,1,0.5575131326792202
80.0,0.0,219293.0,0.0,46.0,9.0,1.0,1.0,39.0,1.0,2.0,11.0,2.0,0.0,1,0,0.4487274017989395
45.0,0.0,345705.0,0.0,34.0,9.0,6.0,1.0,39.0,3.0,4.0,11.0,4.0,1.0,1,0,0.05467651404717749
45.0,0.0,144949.0,0.0,34.0,6.0,4.0,1.0,39.0,3.0,2.0,0.0,4.0,0.0,1,0,0.1506642603791384
40.0,0.0,37438.0,0.0,55.0,11.0,4.0,1.0,39.0,3.0,2.0,8.0,4.0,0.0,1,0,0.4214823008423137
55.0,0.0,32916.0,0.0,38.0,11.0,4.0,1.0,39.0,3.0,2.0,8.0,4.0,0.0,1,0,0.44315701040293315
40.0,0.0,211494.0,0.0,37.0,9.0,4.0,1.0,39.0,13.0,2.0,11.0,4.0,0.0,1,0,0.3357636138604994
60.0,0.0,222216.0,0.0,57.0,10.0,6.0,0.0,39.0,4.0,2.0,15.0,4.0,5.0,0,1,0.5025673115467879
40.0,0.0,85604.0,0.0,44.0,9.0,4.0,1.0,39.0,3.0,0.0,11.0,4.0,1.0,1,0,0.07126535514705934
40.0,0.0,55272.0,0.0,47.0,10.0,7.0,1.0,39.0,3.0,2.0,15.0,4.0,0.0,1,0,0.33829820999647275
50.0,0.0,392694.0,0.0,61.0,10.0,6.0,1.0,39.0,4.0,0.0,15.0,4.0,1.0,1,0,0.18360762808718167
40.0,0.0,75478.0,0.0,62.0,13.0,6.0,1.0,39.0,4.0,2.0,9.0,4.0,0.0,0,1,0.6331969521889773
40.0,0.0,188246.0,0.0,33.0,13.0,4.0,1.0,39.0,4.0,2.0,9.0,4.0,0.0,0,1,0.6115591246305621
90.0,0.0,150309.0,0.0,31.0,16.0,4.0,0.0,39.0,10.0,2.0,10.0,4.0,5.0,0,1,0.7498892651406198
45.0,0.0,85341.0,0.0,48.0,13.0,2.0,1.0,39.0,10.0,2.0,9.0,4.0,0.0,0,1,0.749145594105052
40.0,0.0,168001.0,0.0,52.0,14.0,4.0,0.0,39.0,10.0,0.0,12.0,4.0,1.0,1,0,0.22704160723588415
40.0,0.0,201965.0,0.0,60.0,10.0,4.0,1.0,39.0,10.0,4.0,15.0,4.0,4.0,1,0,0.09646156425433645
40.0,0.0,372181.0,0.0,58.0,9.0,4.0,0.0,39.0,12.0,0.0,11.0,4.0,4.0,1,0,0.07714231133852907
37.0,0.0,32950.0,1902.0,22.0,10.0,1.0,1.0,39.0,12.0,2.0,15.0,4.0,0.0,0,1,0.5850788413535036
40.0,0.0,360743.0,0.0,37.0,10.0,4.0,1.0,39.0,6.0,2.0,15.0,2.0,0.0,1,0,0.2804010149099448
60.0,0.0,137428.0,0.0,53.0,4.0,4.0,1.0,39.0,14.0,2.0,5.0,4.0,0.0,1,0,0.1885991044302612
40.0,0.0,296849.0,0.0,49.0,10.0,4.0,1.0,39.0,4.0,2.0,15.0,4.0,0.0,1,0,0.4996089544313418
40.0,4386.0,120724.0,0.0,45.0,14.0,4.0,1.0,39.0,4.0,2.0,12.0,4.0,0.0,0,1,0.8766341339133835
40.0,0.0,200508.0,0.0,43.0,13.0,0.0,1.0,39.0,0.0,2.0,9.0,4.0,0.0,0,1,0.563457064285907
50.0,0.0,67072.0,0.0,33.0,9.0,4.0,1.0,39.0,12.0,2.0,11.0,4.0,0.0,1,0,0.279671828444893
45.0,0.0,160731.0,0.0,29.0,9.0,4.0,1.0,39.0,3.0,2.0,11.0,4.0,0.0,1,0,0.19837023156185732
40.0,0.0,102938.0,0.0,38.0,13.0,4.0,1.0,39.0,3.0,2.0,9.0,4.0,0.0,0,1,0.5561790579567303
51.0,4934.0,334991.0,0.0,43.0,10.0,4.0,1.0,39.0,14.0,5.0,15.0,4.0,4.0,1,0,0.24898528814902007
40.0,0.0,247483.0,0.0,62.0,10.0,4.0,1.0,39.0,12.0,2.0,15.0,4.0,0.0,1,0,0.4313934149227747
50.0,0.0,210295.0,0.0,28.0,7.0,5.0,1.0,39.0,3.0,2.0,1.0,4.0,0.0,1,0,0.13948590114355996
35.0,0.0,84409.0,0.0,61.0,9.0,5.0,1.0,39.0,4.0,2.0,11.0,4.0,0.0,1,0,0.29220982833018183
45.0,0.0,126161.0,0.0,39.0,16.0,4.0,1.0,39.0,10.0,4.0,10.0,4.0,1.0,0,1,0.5453021625218555
60.0,0.0,136331.0,0.0,34.0,13.0,2.0,1.0,39.0,10.0,2.0,9.0,4.0,0.0,0,1,0.7376823012856504
48.0,0.0,318046.0,0.0,41.0,10.0,4.0,1.0,39.0,14.0,2.0,15.0,4.0,0.0,1,0,0.46450378914538254
40.0,0.0,206253.0,0.0,39.0,13.0,5.0,0.0,39.0,10.0,2.0,9.0,4.0,5.0,0,1,0.7104290428828688
40.0,0.0,247383.0,0.0,70.0,10.0,5.0,1.0,39.0,4.0,2.0,15.0,4.0,0.0,1,0,0.41865503111558716
50.0,0.0,234743.0,0.0,66.0,10.0,4.0,1.0,39.0,4.0,2.0,15.0,4.0,0.0,0,1,0.528565461373878
60.0,0.0,121055.0,0.0,42.0,13.0,4.0,1.0,39.0,12.0,2.0,9.0,4.0,0.0,0,1,0.7526519301935498
40.0,0.0,170108.0,0.0,40.0,14.0,4.0,1.0,39.0,10.0,2.0,12.0,4.0,0.0,0,1,0.7499437636760036
25.0,0.0,196791.0,0.0,34.0,12.0,6.0,0.0,39.0,10.0,2.0,7.0,4.0,5.0,1,0,0.4209747102477962
40.0,0.0,365986.0,0.0,40.0,13.0,4.0,1.0,39.0,6.0,2.0,9.0,4.0,3.0,1,0,0.13646478049640157
45.0,0.0,93318.0,0.0,65.0,10.0,4.0,0.0,39.0,4.0,2.0,15.0,4.0,5.0,0,1,0.5130892373181798
45.0,0.0,114544.0,0.0,39.0,13.0,4.0,1.0,39.0,4.0,0.0,9.0,4.0,1.0,1,0,0.3052766334074385
44.0,0.0,225605.0,0.0,38.0,10.0,2.0,1.0,39.0,10.0,2.0,15.0,4.0,0.0,0,1,0.5092341057327738
48.0,0.0,320194.0,0.0,34.0,15.0,6.0,1.0,39.0,10.0,5.0,14.0,4.0,4.0,1,0,0.44719091512537346
40.0,0.0,138692.0,0.0,28.0,13.0,4.0,1.0,39.0,4.0,2.0,9.0,4.0,0.0,1,0,0.45455213826078844
50.0,0.0,175109.0,0.0,49.0,10.0,7.0,1.0,39.0,10.0,2.0,15.0,4.0,0.0,1,0,0.47456900623878573
40.0,0.0,227890.0,1485.0,42.0,13.0,2.0,1.0,39.0,4.0,2.0,9.0,4.0,0.0,0,1,0.699384839192517
40.0,0.0,194698.0,0.0,45.0,10.0,4.0,1.0,39.0,3.0,2.0,15.0,4.0,0.0,1,0,0.4231550376752253
40.0,0.0,110622.0,0.0,39.0,13.0,1.0,0.0,30.0,1.0,2.0,9.0,1.0,5.0,0,1,0.5001104556920862
40.0,0.0,113364.0,0.0,31.0,9.0,4.0,1.0,39.0,3.0,2.0,11.0,4.0,0.0,1,0,0.15932135659509658
40.0,0.0,326691.0,0.0,65.0,10.0,7.0,1.0,39.0,7.0,2.0,15.0,2.0,0.0,1,0,0.19502314986627908
77.0,0.0,149218.0,0.0,45.0,13.0,6.0,1.0,39.0,5.0,2.0,9.0,4.0,0.0,0,1,0.586889107487962
45.0,0.0,220789.0,0.0,57.0,9.0,5.0,1.0,39.0,12.0,2.0,11.0,4.0,0.0,1,0,0.4531048387758774
45.0,0.0,182437.0,0.0,43.0,13.0,4.0,1.0,39.0,10.0,4.0,9.0,4.0,1.0,1,0,0.21823192480612102
40.0,0.0,27037.0,0.0,60.0,9.0,7.0,1.0,39.0,11.0,2.0,11.0,0.0,0.0,1,0,0.28315018082020166
40.0,0.0,350759.0,0.0,47.0,9.0,5.0,1.0,39.0,4.0,2.0,11.0,4.0,0.0,1,0,0.4223022062871731
40.0,0.0,269015.0,0.0,43.0,9.0,4.0,1.0,11.0,7.0,2.0,11.0,2.0,0.0,1,0,0.16592214856227874
40.0,0.0,40925.0,0.0,58.0,13.0,7.0,1.0,39.0,4.0,2.0,9.0,4.0,0.0,0,1,0.6732264480110866
40.0,0.0,202397.0,0.0,35.0,13.0,4.0,1.0,30.0,3.0,2.0,9.0,1.0,0.0,1,0,0.47703309213195194
40.0,0.0,138944.0,0.0,52.0,7.0,4.0,1.0,39.0,3.0,2.0,1.0,4.0,0.0,1,0,0.1626662292965846
25.0,0.0,182470.0,0.0,66.0,15.0,6.0,1.0,39.0,10.0,2.0,14.0,4.0,0.0,1,0,0.45596377115604914
9.0,0.0,219661.0,0.0,64.0,15.0,6.0,1.0,39.0,10.0,2.0,14.0,4.0,0.0,1,0,0.4918800356704673
40.0,0.0,108914.0,0.0,52.0,9.0,4.0,1.0,39.0,12.0,2.0,11.0,4.0,0.0,1,0,0.3387133509860246
40.0,0.0,120970.0,0.0,55.0,6.0,4.0,1.0,39.0,3.0,2.0,0.0,2.0,0.0,1,0,0.14521084253011096
40.0,0.0,106982.0,0.0,41.0,10.0,1.0,0.0,39.0,10.0,0.0,15.0,4.0,4.0,1,0,0.06807602043719688
40.0,0.0,57452.0,0.0,46.0,11.0,6.0,1.0,39.0,3.0,2.0,8.0,4.0,0.0,1,0,0.3515413478752906
40.0,0.0,338283.0,0.0,50.0,10.0,4.0,1.0,39.0,3.0,2.0,15.0,4.0,0.0,1,0,0.4231550376752253
40.0,0.0,252519.0,0.0,43.0,13.0,4.0,1.0,14.0,6.0,2.0,9.0,2.0,0.0,1,0,0.4360557129590722
40.0,0.0,137192.0,0.0,63.0,13.0,4.0,1.0,35.0,3.0,2.0,9.0,1.0,0.0,0,1,0.5628841682879803
55.0,0.0,246011.0,0.0,42.0,13.0,4.0,0.0,39.0,10.0,2.0,9.0,4.0,5.0,0,1,0.7506183053178733
44.0,0.0,208277.0,0.0,40.0,10.0,4.0,0.0,39.0,1.0,0.0,15.0,4.0,3.0,1,0,0.07842095990989414
40.0,0.0,177304.0,0.0,30.0,9.0,4.0,1.0,39.0,13.0,2.0,11.0,4.0,0.0,1,0,0.20274887697022229
50.0,0.0,447346.0,0.0,36.0,9.0,4.0,1.0,39.0,12.0,2.0,11.0,4.0,0.0,1,0,0.39058126185046976
56.0,0.0,38563.0,0.0,49.0,13.0,4.0,0.0,39.0,4.0,4.0,9.0,4.0,1.0,1,0,0.217979902897316
40.0,0.0,174102.0,0.0,54.0,10.0,4.0,1.0,39.0,4.0,4.0,15.0,4.0,1.0,1,0,0.11753174370863305
36.0,0.0,204470.0,0.0,30.0,10.0,5.0,1.0,39.0,4.0,2.0,15.0,4.0,0.0,1,0,0.2496410743327566
58.0,0.0,154374.0,0.0,42.0,13.0,4.0,1.0,39.0,14.0,2.0,9.0,4.0,0.0,0,1,0.6679881849592274
50.0,0.0,186213.0,0.0,24.0,10.0,4.0,1.0,39.0,13.0,2.0,15.0,4.0,0.0,1,0,0.1353090641609828
40.0,0.0,101110.0,0.0,60.0,11.0,2.0,1.0,39.0,10.0,0.0,8.0,4.0,4.0,1,0,0.11658084136176326
60.0,0.0,400004.0,0.0,50.0,10.0,4.0,1.0,39.0,12.0,2.0,15.0,4.0,0.0,0,1,0.5979285540096937
40.0,0.0,168475.0,0.0,37.0,9.0,4.0,1.0,39.0,4.0,2.0,11.0,4.0,0.0,1,0,0.3483397877077993
55.0,0.0,129497.0,0.0,32.0,10.0,6.0,1.0,39.0,3.0,2.0,15.0,4.0,0.0,1,0,0.2500701223734589
45.0,0.0,152237.0,0.0,38.0,13.0,4.0,1.0,0.0,12.0,4.0,9.0,4.0,1.0,1,0,0.18823970671919796
40.0,0.0,198316.0,0.0,40.0,6.0,4.0,1.0,39.0,4.0,2.0,0.0,4.0,0.0,1,0,0.18906743038516388
40.0,0.0,171484.0,0.0,44.0,6.0,4.0,1.0,39.0,7.0,2.0,0.0,4.0,0.0,1,0,0.10668588545144705
40.0,0.0,199416.0,0.0,32.0,13.0,4.0,1.0,39.0,10.0,2.0,9.0,4.0,0.0,0,1,0.5407795411605186
28.0,0.0,105728.0,0.0,53.0,9.0,7.0,0.0,39.0,8.0,2.0,11.0,0.0,5.0,1,0,0.14618681587580354
50.0,0.0,116666.0,0.0,30.0,14.0,6.0,1.0,19.0,10.0,0.0,12.0,1.0,1.0,1,0,0.17236343733622084
40.0,0.0,170070.0,0.0,56.0,9.0,4.0,0.0,39.0,4.0,2.0,11.0,4.0,5.0,1,0,0.46134290966638286
40.0,0.0,225860.0,0.0,35.0,11.0,4.0,1.0,39.0,3.0,2.0,8.0,4.0,0.0,1,0,0.2904494188362992
50.0,0.0,211128.0,0.0,43.0,14.0,4.0,0.0,39.0,4.0,0.0,12.0,4.0,1.0,1,0,0.35387105635118055
40.0,0.0,350440.0,0.0,48.0,10.0,4.0,1.0,1.0,3.0,2.0,15.0,1.0,2.0,1,0,0.10721605041725239
38.0,0.0,181344.0,0.0,44.0,10.0,2.0,1.0,39.0,4.0,2.0,15.0,2.0,0.0,1,0,0.4025608025393008
34.0,0.0,50468.0,0.0,69.0,15.0,7.0,1.0,39.0,1.0,2.0,14.0,4.0,0.0,1,0,0.4043417844188435
60.0,0.0,143058.0,0.0,35.0,9.0,4.0,1.0,39.0,7.0,2.0,11.0,4.0,0.0,1,0,0.2381315401673274
40.0,0.0,99065.0,0.0,39.0,13.0,4.0,0.0,31.0,6.0,2.0,9.0,4.0,5.0,1,0,0.46430044183043206
30.0,0.0,33213.0,0.0,76.0,14.0,6.0,1.0,0.0,10.0,2.0,12.0,4.0,0.0,1,0,0.4485832145842533
40.0,0.0,129379.0,0.0,60.0,10.0,1.0,1.0,39.0,13.0,2.0,15.0,4.0,0.0,0,1,0.5316282066446744
40.0,0.0,69884.0,0.0,57.0,9.0,4.0,1.0,39.0,12.0,2.0,11.0,4.0,0.0,1,0,0.3425149925113737
30.0,0.0,131852.0,0.0,60.0,3.0,0.0,1.0,39.0,0.0,2.0,4.0,4.0,0.0,1,0,0.06284810302179322
10.0,0.0,25031.0,0.0,51.0,10.0,4.0,0.0,39.0,4.0,2.0,15.0,4.0,5.0,1,0,0.40390641279597345
40.0,0.0,548303.0,0.0,21.0,9.0,4.0,1.0,26.0,10.0,2.0,11.0,4.0,3.0,1,0,0.02028475225502905
37.0,0.0,156580.0,0.0,42.0,10.0,4.0,0.0,39.0,7.0,2.0,15.0,4.0,5.0,1,0,0.2929525381425238
40.0,0.0,85566.0,0.0,39.0,13.0,7.0,1.0,39.0,10.0,2.0,9.0,4.0,0.0,0,1,0.5960750275637051
42.0,0.0,29054.0,0.0,37.0,10.0,1.0,1.0,39.0,1.0,2.0,15.0,4.0,0.0,1,0,0.43277060269008283
50.0,4787.0,331419.0,0.0,30.0,12.0,4.0,1.0,39.0,3.0,4.0,7.0,4.0,1.0,1,0,0.32102910671462653
40.0,4386.0,110554.0,0.0,31.0,9.0,4.0,0.0,39.0,7.0,2.0,11.0,4.0,5.0,1,0,0.4100550907323384
40.0,0.0,147256.0,0.0,29.0,12.0,7.0,1.0,39.0,10.0,4.0,7.0,2.0,1.0,1,0,0.04360747873201418
40.0,0.0,179781.0,0.0,56.0,9.0,4.0,1.0,39.0,4.0,2.0,11.0,4.0,0.0,1,0,0.40217432148136556
40.0,0.0,243872.0,0.0,39.0,12.0,1.0,1.0,39.0,10.0,4.0,7.0,4.0,1.0,1,0,0.11337369141191432
40.0,0.0,37931.0,0.0,38.0,9.0,2.0,1.0,39.0,11.0,2.0,11.0,4.0,0.0,1,0,0.28558020187591804
50.0,0.0,136419.0,0.0,42.0,9.0,4.0,1.0,39.0,3.0,2.0,11.0,4.0,0.0,1,0,0.3555475906641351
40.0,0.0,166083.0,0.0,68.0,9.0,6.0,1.0,39.0,4.0,2.0,11.0,4.0,0.0,1,0,0.26013517317049634
40.0,0.0,381153.0,0.0,34.0,9.0,4.0,1.0,39.0,4.0,2.0,11.0,4.0,0.0,1,0,0.2815444329392382
40.0,0.0,140713.0,0.0,37.0,10.0,4.0,1.0,23.0,1.0,2.0,15.0,2.0,0.0,1,0,0.29273684480672657
40.0,0.0,353512.0,0.0,46.0,9.0,4.0,1.0,39.0,7.0,2.0,11.0,4.0,0.0,1,0,0.25753569431865225
48.0,0.0,39352.0,0.0,60.0,4.0,4.0,1.0,39.0,14.0,4.0,5.0,4.0,1.0,1,0,0.055023811919234826
40.0,0.0,127728.0,0.0,59.0,10.0,4.0,1.0,39.0,13.0,2.0,15.0,4.0,0.0,1,0,0.4767052101321962
46.0,0.0,170174.0,0.0,37.0,9.0,4.0,1.0,39.0,4.0,2.0,11.0,4.0,0.0,1,0,0.44818150588770067
50.0,0.0,104790.0,0.0,48.0,7.0,6.0,1.0,39.0,5.0,2.0,1.0,4.0,0.0,1,0,0.1264612095913214
50.0,0.0,104089.0,0.0,39.0,11.0,4.0,1.0,39.0,3.0,2.0,8.0,4.0,0.0,1,0,0.4513657171106976
60.0,0.0,96524.0,0.0,42.0,9.0,2.0,1.0,39.0,4.0,2.0,11.0,4.0,0.0,1,0,0.42009985000709466
50.0,0.0,348504.0,0.0,31.0,13.0,4.0,1.0,39.0,4.0,2.0,9.0,4.0,0.0,0,1,0.7001285684438915
40.0,0.0,309230.0,0.0,38.0,10.0,4.0,1.0,39.0,3.0,2.0,15.0,4.0,0.0,1,0,0.3682419709278404
38.0,0.0,159908.0,1258.0,62.0,13.0,2.0,0.0,39.0,1.0,2.0,9.0,4.0,5.0,0,1,0.5322727277943599
60.0,0.0,238964.0,0.0,25.0,10.0,4.0,1.0,39.0,3.0,2.0,15.0,4.0,0.0,1,0,0.16409528498597706
40.0,0.0,176240.0,0.0,51.0,12.0,6.0,1.0,39.0,12.0,2.0,7.0,4.0,0.0,1,0,0.4809086247305799
52.0,0.0,167482.0,0.0,38.0,10.0,4.0,1.0,39.0,3.0,2.0,15.0,4.0,0.0,1,0,0.4651994045447684
10.0,0.0,177906.0,0.0,71.0,13.0,0.0,1.0,39.0,0.0,2.0,9.0,4.0,0.0,1,0,0.2528802851111236
45.0,0.0,30682.0,0.0,40.0,9.0,4.0,1.0,39.0,7.0,2.0,11.0,4.0,0.0,1,0,0.2511265069283359
60.0,0.0,295010.0,0.0,30.0,13.0,1.0,0.0,39.0,11.0,4.0,9.0,4.0,1.0,1,0,0.11912685073288944
40.0,0.0,99086.0,0.0,46.0,10.0,4.0,0.0,39.0,1.0,2.0,15.0,4.0,5.0,1,0,0.4215251366481505
40.0,0.0,361631.0,0.0,63.0,14.0,4.0,0.0,39.0,10.0,5.0,12.0,4.0,1.0,1,0,0.16334352153954906
40.0,0.0,105586.0,0.0,49.0,11.0,1.0,1.0,39.0,3.0,2.0,8.0,1.0,0.0,1,0,0.3982104024786855
40.0,0.0,166863.0,0.0,47.0,9.0,2.0,1.0,39.0,4.0,2.0,11.0,4.0,0.0,1,0,0.40217432148136556
70.0,0.0,216149.0,0.0,39.0,15.0,4.0,1.0,39.0,10.0,0.0,14.0,4.0,1.0,1,0,0.4234790725238893
50.0,0.0,38795.0,0.0,50.0,13.0,4.0,1.0,39.0,10.0,2.0,9.0,4.0,0.0,0,1,0.7489083863884515
40.0,0.0,213615.0,0.0,55.0,9.0,4.0,1.0,39.0,3.0,2.0,11.0,4.0,0.0,1,0,0.33077447897260037
40.0,0.0,55291.0,0.0,30.0,13.0,4.0,1.0,39.0,10.0,2.0,9.0,4.0,0.0,1,0,0.46786446121633674
45.0,0.0,181920.0,0.0,26.0,13.0,4.0,0.0,39.0,10.0,2.0,9.0,4.0,5.0,1,0,0.45077756120848395
40.0,0.0,164050.0,0.0,38.0,10.0,4.0,1.0,39.0,11.0,2.0,15.0,2.0,0.0,1,0,0.39615139840447927
60.0,0.0,188330.0,0.0,45.0,13.0,5.0,1.0,39.0,4.0,2.0,9.0,4.0,0.0,0,1,0.8305028679623233
50.0,0.0,192626.0,0.0,35.0,10.0,4.0,1.0,39.0,10.0,2.0,15.0,4.0,0.0,1,0,0.4464906722483555
40.0,0.0,327886.0,0.0,45.0,15.0,4.0,1.0,39.0,10.0,4.0,14.0,4.0,1.0,1,0,0.4745819142050904
60.0,0.0,198759.0,0.0,45.0,16.0,4.0,1.0,39.0,4.0,2.0,10.0,4.0,0.0,0,1,0.885790294949174
40.0,0.0,168539.0,0.0,52.0,9.0,1.0,1.0,39.0,7.0,2.0,11.0,4.0,0.0,1,0,0.2569481751296751
40.0,0.0,151773.0,0.0,30.0,10.0,4.0,1.0,39.0,7.0,2.0,15.0,4.0,0.0,1,0,0.1631717085930123
60.0,0.0,25141.0,0.0,60.0,10.0,4.0,1.0,39.0,14.0,2.0,15.0,4.0,0.0,0,1,0.5026748831667617
40.0,0.0,345969.0,0.0,40.0,12.0,7.0,1.0,39.0,1.0,2.0,7.0,4.0,0.0,1,0,0.3854437275177797
40.0,0.0,144515.0,1258.0,72.0,16.0,2.0,1.0,39.0,4.0,2.0,10.0,4.0,0.0,0,1,0.7555388202061825
60.0,0.0,168038.0,0.0,45.0,13.0,4.0,1.0,39.0,12.0,0.0,9.0,4.0,1.0,1,0,0.32276797798796375
60.0,0.0,244803.0,1485.0,38.0,10.0,5.0,1.0,5.0,12.0,2.0,15.0,4.0,0.0,1,0,0.4782643910449735
51.0,0.0,35969.0,0.0,46.0,13.0,4.0,1.0,39.0,4.0,2.0,9.0,4.0,0.0,0,1,0.8030619316683855
70.0,0.0,176756.0,1485.0,37.0,10.0,4.0,1.0,39.0,1.0,2.0,15.0,2.0,0.0,1,0,0.4246028354814583
55.0,0.0,82775.0,0.0,60.0,10.0,4.0,1.0,39.0,12.0,2.0,15.0,4.0,0.0,0,1,0.5036757892638637
32.0,4934.0,118486.0,0.0,37.0,13.0,4.0,0.0,39.0,10.0,5.0,9.0,4.0,4.0,1,0,0.17653511436407687
43.0,0.0,111567.0,0.0,31.0,5.0,4.0,1.0,39.0,12.0,4.0,6.0,4.0,1.0,1,0,0.036377834438456935
42.0,0.0,245305.0,0.0,49.0,6.0,4.0,1.0,39.0,14.0,2.0,0.0,2.0,0.0,1,0,0.19096536157358696
70.0,0.0,162034.0,0.0,47.0,13.0,4.0,1.0,39.0,12.0,2.0,9.0,4.0,0.0,0,1,0.7870008231704394
40.0,0.0,231689.0,0.0,41.0,9.0,4.0,1.0,39.0,3.0,2.0,11.0,4.0,0.0,1,0,0.28198924930462005
40.0,0.0,85995.0,0.0,40.0,6.0,4.0,1.0,39.0,7.0,2.0,0.0,4.0,0.0,1,0,0.09408914839399239
50.0,0.0,128230.0,0.0,61.0,4.0,4.0,1.0,39.0,12.0,2.0,5.0,4.0,0.0,1,0,0.1974117493854455
40.0,0.0,193882.0,0.0,43.0,9.0,4.0,1.0,39.0,4.0,2.0,11.0,4.0,0.0,1,0,0.3483397877077993
32.0,0.0,108293.0,0.0,35.0,13.0,4.0,0.0,39.0,10.0,6.0,9.0,4.0,4.0,1,0,0.04485349597461944
48.0,0.0,178385.0,0.0,44.0,14.0,4.0,1.0,19.0,4.0,2.0,12.0,1.0,0.0,0,1,0.7813546883162149
40.0,4508.0,167440.0,0.0,38.0,13.0,4.0,1.0,39.0,14.0,2.0,9.0,4.0,0.0,0,1,0.6032500349211419
55.0,0.0,170785.0,0.0,43.0,10.0,5.0,1.0,39.0,12.0,2.0,15.0,4.0,0.0,0,1,0.5182533365585081
45.0,0.0,214838.0,0.0,44.0,9.0,4.0,1.0,39.0,7.0,2.0,11.0,4.0,0.0,1,0,0.28500691306525594
55.0,0.0,287548.0,0.0,35.0,10.0,4.0,1.0,39.0,12.0,2.0,15.0,4.0,0.0,1,0,0.4464906722483555
45.0,0.0,290560.0,0.0,36.0,10.0,4.0,1.0,39.0,4.0,2.0,15.0,4.0,0.0,0,1,0.5101316029656546
40.0,0.0,121264.0,0.0,42.0,11.0,4.0,1.0,39.0,10.0,2.0,8.0,4.0,0.0,1,0,0.4540577105515847
50.0,0.0,53727.0,0.0,40.0,14.0,4.0,1.0,39.0,12.0,4.0,12.0,4.0,1.0,1,0,0.2503845680423467
48.0,0.0,74581.0,0.0,43.0,9.0,4.0,1.0,39.0,3.0,2.0,11.0,4.0,0.0,1,0,0.329801163522076
50.0,0.0,180551.0,0.0,47.0,10.0,4.0,1.0,39.0,14.0,2.0,15.0,4.0,0.0,0,1,0.5198765568702431
40.0,0.0,134120.0,0.0,44.0,9.0,4.0,0.0,39.0,1.0,2.0,11.0,4.0,5.0,1,0,0.39920858337725257
55.0,0.0,161018.0,0.0,34.0,10.0,4.0,1.0,39.0,12.0,2.0,15.0,4.0,0.0,1,0,0.4464906722483555
40.0,3103.0,181382.0,0.0,36.0,11.0,4.0,1.0,39.0,7.0,2.0,8.0,4.0,0.0,1,0,0.3933471577779821
40.0,0.0,24106.0,0.0,35.0,10.0,4.0,1.0,39.0,4.0,2.0,15.0,4.0,0.0,1,0,0.33486618763992093
40.0,0.0,119721.0,0.0,43.0,13.0,4.0,1.0,39.0,4.0,2.0,9.0,4.0,0.0,0,1,0.699384839192517
40.0,0.0,396595.0,0.0,38.0,10.0,4.0,1.0,39.0,3.0,2.0,15.0,1.0,0.0,1,0,0.3643647035660439
50.0,0.0,180096.0,0.0,43.0,11.0,4.0,1.0,39.0,3.0,2.0,8.0,4.0,0.0,1,0,0.47980810692463416
40.0,0.0,152810.0,0.0,51.0,9.0,4.0,1.0,39.0,10.0,2.0,11.0,4.0,0.0,1,0,0.38034219054180773
40.0,0.0,158528.0,0.0,43.0,9.0,4.0,1.0,39.0,3.0,2.0,11.0,4.0,0.0,1,0,0.28198924930462005
45.0,0.0,192779.0,0.0,46.0,13.0,4.0,1.0,39.0,12.0,4.0,9.0,4.0,1.0,1,0,0.2531532271644819
40.0,0.0,309778.0,0.0,29.0,10.0,1.0,1.0,39.0,13.0,2.0,15.0,4.0,0.0,1,0,0.27592027216775517
89.0,0.0,288154.0,0.0,42.0,10.0,4.0,1.0,39.0,3.0,2.0,15.0,4.0,0.0,1,0,0.4651994045447684
57.0,0.0,213722.0,0.0,34.0,9.0,2.0,1.0,39.0,11.0,2.0,11.0,4.0,0.0,1,0,0.34609278871204435
40.0,0.0,349795.0,0.0,52.0,13.0,7.0,1.0,39.0,11.0,2.0,9.0,4.0,0.0,0,1,0.7044140350277515
40.0,0.0,124827.0,0.0,31.0,11.0,4.0,1.0,39.0,12.0,2.0,8.0,4.0,0.0,1,0,0.27568293319038933
45.0,0.0,196328.0,0.0,53.0,9.0,6.0,1.0,39.0,4.0,2.0,11.0,2.0,0.0,1,0,0.3678999403234918
40.0,0.0,465326.0,0.0,35.0,13.0,4.0,1.0,39.0,12.0,2.0,9.0,4.0,0.0,0,1,0.636071652147323
40.0,0.0,249392.0,0.0,37.0,11.0,2.0,1.0,39.0,11.0,2.0,8.0,4.0,0.0,1,0,0.4540577105515847
50.0,0.0,197322.0,0.0,50.0,7.0,4.0,1.0,39.0,4.0,2.0,1.0,4.0,0.0,1,0,0.28660554905176444
35.0,0.0,54932.0,0.0,29.0,10.0,4.0,1.0,39.0,3.0,0.0,15.0,4.0,4.0,1,0,0.03261419232376675
45.0,0.0,339863.0,0.0,47.0,9.0,4.0,1.0,39.0,12.0,2.0,11.0,4.0,0.0,1,0,0.44417403490396756
45.0,0.0,353824.0,0.0,49.0,10.0,4.0,1.0,39.0,10.0,0.0,15.0,4.0,1.0,1,0,0.20007705116920493
55.0,0.0,105138.0,0.0,35.0,15.0,1.0,1.0,39.0,10.0,2.0,14.0,4.0,0.0,0,1,0.8252832451732164
55.0,0.0,105021.0,0.0,36.0,10.0,6.0,1.0,39.0,4.0,2.0,15.0,4.0,0.0,1,0,0.40524538917586744
40.0,0.0,200289.0,0.0,38.0,16.0,7.0,1.0,36.0,10.0,2.0,10.0,1.0,0.0,0,1,0.7402537072128967
40.0,4386.0,117959.0,0.0,24.0,9.0,4.0,1.0,39.0,6.0,2.0,11.0,4.0,0.0,1,0,0.11095704046457273
30.0,0.0,160474.0,0.0,47.0,9.0,4.0,0.0,39.0,4.0,2.0,11.0,4.0,5.0,1,0,0.33571359372473736
40.0,0.0,305597.0,0.0,39.0,9.0,4.0,1.0,39.0,3.0,2.0,11.0,4.0,0.0,1,0,0.28198924930462005
48.0,0.0,207202.0,0.0,38.0,9.0,4.0,1.0,39.0,7.0,2.0,11.0,4.0,0.0,1,0,0.27987825470603894
40.0,0.0,266803.0,0.0,40.0,12.0,4.0,0.0,39.0,4.0,0.0,7.0,4.0,1.0,1,0,0.09115119687251337
42.0,0.0,359001.0,0.0,38.0,11.0,4.0,1.0,39.0,10.0,2.0,8.0,4.0,0.0,0,1,0.5517394062895925
40.0,0.0,62438.0,0.0,26.0,13.0,4.0,0.0,39.0,12.0,2.0,9.0,4.0,5.0,1,0,0.36726926112302455
60.0,0.0,129707.0,0.0,33.0,13.0,4.0,1.0,39.0,1.0,4.0,9.0,4.0,1.0,1,0,0.14869444189258396
40.0,0.0,142182.0,0.0,59.0,9.0,4.0,1.0,39.0,8.0,2.0,11.0,4.0,0.0,1,0,0.24481043985362733
50.0,0.0,427382.0,0.0,43.0,14.0,4.0,1.0,39.0,10.0,4.0,12.0,4.0,1.0,1,0,0.3208334549669192
50.0,0.0,289991.0,0.0,29.0,14.0,2.0,1.0,39.0,10.0,2.0,12.0,4.0,0.0,0,1,0.6514092955455548
40.0,0.0,202729.0,0.0,33.0,13.0,6.0,1.0,39.0,3.0,2.0,9.0,4.0,0.0,1,0,0.4410370036312262
45.0,0.0,353263.0,0.0,36.0,13.0,4.0,0.0,39.0,10.0,4.0,9.0,4.0,1.0,1,0,0.14681190827471424
50.0,0.0,197054.0,0.0,50.0,15.0,6.0,1.0,39.0,12.0,0.0,14.0,4.0,1.0,1,0,0.347105722969208
50.0,0.0,143939.0,0.0,43.0,9.0,7.0,0.0,39.0,1.0,0.0,11.0,4.0,4.0,1,0,0.059407641243867
40.0,0.0,233130.0,0.0,43.0,13.0,4.0,1.0,39.0,12.0,0.0,9.0,4.0,1.0,1,0,0.20216244609251552
42.0,0.0,177189.0,0.0,61.0,13.0,2.0,1.0,39.0,10.0,2.0,9.0,4.0,0.0,0,1,0.7810004948237868
60.0,0.0,114225.0,0.0,27.0,10.0,6.0,1.0,39.0,4.0,4.0,15.0,4.0,1.0,1,0,0.04927475478251345
30.0,0.0,185057.0,0.0,43.0,9.0,4.0,0.0,39.0,4.0,0.0,11.0,4.0,1.0,1,0,0.03459092354328388
40.0,0.0,107665.0,0.0,50.0,10.0,4.0,1.0,39.0,12.0,2.0,15.0,4.0,0.0,1,0,0.4318802589138612
40.0,0.0,36271.0,0.0,44.0,13.0,4.0,1.0,39.0,3.0,2.0,9.0,4.0,0.0,0,1,0.5570352848949979
40.0,0.0,178241.0,0.0,51.0,9.0,4.0,1.0,39.0,7.0,2.0,11.0,2.0,0.0,1,0,0.2208654038216046
45.0,0.0,153205.0,0.0,36.0,13.0,4.0,1.0,0.0,10.0,2.0,9.0,1.0,0.0,0,1,0.655253100950112
45.0,2829.0,171831.0,0.0,61.0,9.0,5.0,1.0,39.0,4.0,2.0,11.0,4.0,0.0,0,1,0.5056449915182463
40.0,0.0,89690.0,0.0,55.0,13.0,4.0,0.0,39.0,10.0,0.0,9.0,4.0,1.0,1,0,0.14212727545980203
60.0,0.0,111128.0,0.0,36.0,10.0,4.0,1.0,39.0,4.0,5.0,15.0,4.0,1.0,1,0,0.1280986915330387
50.0,0.0,177705.0,0.0,51.0,13.0,4.0,1.0,39.0,12.0,0.0,9.0,4.0,1.0,1,0,0.32276797798796375
30.0,0.0,313925.0,0.0,48.0,12.0,4.0,0.0,39.0,10.0,2.0,7.0,4.0,5.0,1,0,0.43243324402290345
38.0,0.0,143046.0,1564.0,42.0,13.0,4.0,0.0,39.0,10.0,4.0,9.0,4.0,1.0,1,0,0.09994913462849234
40.0,0.0,181091.0,0.0,30.0,13.0,2.0,1.0,39.0,11.0,2.0,9.0,4.0,0.0,0,1,0.5187254478550285
40.0,0.0,81973.0,0.0,49.0,10.0,4.0,1.0,39.0,3.0,2.0,15.0,1.0,0.0,1,0,0.3786319436645493
24.0,0.0,121912.0,0.0,55.0,10.0,4.0,1.0,39.0,14.0,2.0,15.0,4.0,0.0,1,0,0.29587463063554936
40.0,0.0,230951.0,0.0,50.0,13.0,4.0,1.0,39.0,12.0,2.0,9.0,4.0,0.0,0,1,0.727627584727146
48.0,0.0,340880.0,0.0,31.0,13.0,6.0,1.0,39.0,12.0,2.0,9.0,4.0,0.0,0,1,0.5624257142388822
40.0,0.0,188330.0,0.0,49.0,9.0,4.0,1.0,39.0,12.0,2.0,11.0,4.0,0.0,1,0,0.38034219054180773
45.0,5013.0,188436.0,0.0,43.0,14.0,5.0,1.0,39.0,4.0,2.0,12.0,4.0,0.0,0,1,0.6549367448745143
60.0,0.0,118853.0,0.0,40.0,13.0,4.0,1.0,39.0,4.0,2.0,9.0,4.0,0.0,0,1,0.7897067834531332
40.0,0.0,73883.0,0.0,40.0,10.0,1.0,1.0,39.0,13.0,2.0,15.0,4.0,0.0,1,0,0.424375821095371
35.0,0.0,203393.0,0.0,42.0,13.0,4.0,0.0,39.0,3.0,2.0,9.0,2.0,5.0,1,0,0.49854086673704806
40.0,0.0,154863.0,0.0,28.0,5.0,2.0,1.0,38.0,3.0,2.0,6.0,2.0,0.0,1,0,0.06750184710754835
55.0,0.0,159726.0,0.0,48.0,9.0,4.0,1.0,39.0,14.0,2.0,11.0,4.0,0.0,1,0,0.4071485146109807
50.0,0.0,291362.0,0.0,66.0,15.0,6.0,1.0,39.0,10.0,2.0,14.0,4.0,0.0,0,1,0.7504269018431028
35.0,0.0,134768.0,0.0,62.0,14.0,5.0,1.0,39.0,12.0,2.0,12.0,4.0,0.0,0,1,0.7067600999636475
55.0,0.0,70720.0,0.0,59.0,13.0,4.0,1.0,39.0,12.0,0.0,9.0,4.0,1.0,1,0,0.28914311098674367
37.0,0.0,279129.0,0.0,52.0,10.0,4.0,1.0,39.0,10.0,4.0,15.0,4.0,1.0,1,0,0.08500468130537303
48.0,0.0,154342.0,0.0,52.0,9.0,4.0,1.0,39.0,3.0,2.0,11.0,4.0,0.0,1,0,0.4097955639395516
40.0,0.0,189530.0,0.0,28.0,12.0,4.0,1.0,39.0,10.0,2.0,7.0,4.0,0.0,1,0,0.24456307989287562
40.0,0.0,202956.0,0.0,51.0,11.0,4.0,1.0,39.0,12.0,2.0,8.0,4.0,0.0,0,1,0.502461400911802
60.0,0.0,164243.0,0.0,32.0,9.0,4.0,1.0,39.0,13.0,2.0,11.0,4.0,0.0,1,0,0.29074651669647306
54.0,0.0,319685.0,0.0,37.0,11.0,0.0,1.0,39.0,0.0,2.0,8.0,4.0,0.0,1,0,0.45868967290605034
45.0,0.0,108993.0,0.0,48.0,9.0,4.0,1.0,39.0,3.0,2.0,11.0,4.0,0.0,1,0,0.3824521045249737
50.0,0.0,165930.0,0.0,38.0,10.0,4.0,1.0,39.0,4.0,2.0,15.0,4.0,0.0,0,1,0.561510146206937
72.0,0.0,141858.0,0.0,40.0,15.0,7.0,1.0,39.0,10.0,2.0,14.0,4.0,0.0,0,1,0.8215023118293235
68.0,0.0,97986.0,0.0,37.0,12.0,5.0,1.0,39.0,12.0,2.0,7.0,4.0,0.0,0,1,0.5254485822352538
40.0,0.0,380544.0,0.0,23.0,10.0,4.0,1.0,39.0,1.0,2.0,15.0,4.0,0.0,1,0,0.09678793588134295
40.0,0.0,98436.0,0.0,54.0,14.0,4.0,1.0,39.0,8.0,2.0,12.0,4.0,0.0,0,1,0.6166651177436527
40.0,0.0,197683.0,0.0,48.0,10.0,4.0,1.0,39.0,12.0,2.0,15.0,2.0,0.0,1,0,0.4433955954385209
60.0,0.0,244054.0,0.0,44.0,10.0,1.0,1.0,39.0,4.0,0.0,15.0,4.0,4.0,1,0,0.1767072464244849
40.0,0.0,190403.0,0.0,43.0,13.0,4.0,1.0,39.0,8.0,2.0,9.0,4.0,0.0,0,1,0.5134602366626838
25.0,0.0,473748.0,0.0,72.0,10.0,5.0,1.0,39.0,4.0,2.0,15.0,4.0,0.0,1,0,0.1870962801665055
39.0,0.0,192569.0,0.0,42.0,15.0,4.0,0.0,39.0,10.0,0.0,14.0,4.0,1.0,1,0,0.24345029544773816
65.0,0.0,112754.0,0.0,26.0,11.0,4.0,1.0,39.0,3.0,2.0,8.0,4.0,0.0,1,0,0.18134687909521005
40.0,0.0,250552.0,0.0,60.0,9.0,4.0,1.0,39.0,8.0,2.0,11.0,4.0,0.0,1,0,0.23831871785277528
40.0,0.0,32121.0,0.0,41.0,9.0,4.0,1.0,39.0,7.0,2.0,11.0,4.0,0.0,1,0,0.18895745216593107
40.0,0.0,82622.0,0.0,37.0,10.0,4.0,1.0,39.0,8.0,2.0,15.0,4.0,0.0,1,0,0.26112829012165945
40.0,0.0,207172.0,0.0,30.0,13.0,4.0,0.0,26.0,1.0,2.0,9.0,4.0,5.0,0,1,0.5054098031436681
40.0,0.0,78980.0,0.0,30.0,11.0,4.0,1.0,39.0,7.0,2.0,8.0,4.0,0.0,1,0,0.16164133475325626
40.0,0.0,176101.0,0.0,38.0,13.0,4.0,1.0,39.0,4.0,2.0,9.0,4.0,0.0,0,1,0.699384839192517
38.0,0.0,207120.0,0.0,47.0,11.0,7.0,1.0,39.0,4.0,2.0,8.0,4.0,0.0,1,0,0.44054324909406145
40.0,0.0,241962.0,0.0,36.0,13.0,2.0,1.0,39.0,1.0,2.0,9.0,4.0,0.0,0,1,0.5330223865624992
39.0,4787.0,142076.0,0.0,58.0,9.0,4.0,1.0,39.0,13.0,0.0,11.0,4.0,1.0,1,0,0.3955089724157947
45.0,0.0,200352.0,0.0,36.0,13.0,4.0,1.0,39.0,10.0,2.0,9.0,4.0,0.0,0,1,0.7217684015379345
40.0,0.0,101338.0,0.0,56.0,13.0,1.0,1.0,39.0,12.0,2.0,9.0,4.0,0.0,0,1,0.7478945728055704
40.0,0.0,288371.0,0.0,67.0,9.0,4.0,1.0,2.0,12.0,2.0,11.0,4.0,0.0,1,0,0.2818833404287628
40.0,0.0,201495.0,0.0,42.0,13.0,4.0,1.0,39.0,4.0,2.0,9.0,4.0,0.0,0,1,0.699384839192517
60.0,0.0,112115.0,0.0,30.0,9.0,4.0,1.0,21.0,7.0,2.0,11.0,4.0,0.0,1,0,0.14643064768113648
25.0,0.0,29662.0,0.0,30.0,12.0,4.0,0.0,39.0,8.0,2.0,7.0,4.0,5.0,1,0,0.231633561599562
40.0,0.0,212120.0,0.0,47.0,9.0,5.0,1.0,39.0,3.0,2.0,11.0,4.0,0.0,1,0,0.3388150749607837
40.0,0.0,199539.0,0.0,32.0,10.0,2.0,1.0,39.0,11.0,2.0,15.0,4.0,0.0,1,0,0.27278748312897183
55.0,0.0,211440.0,0.0,39.0,9.0,4.0,1.0,39.0,14.0,2.0,11.0,4.0,0.0,1,0,0.3549071282936311
40.0,0.0,165278.0,0.0,54.0,10.0,4.0,1.0,39.0,4.0,2.0,15.0,4.0,0.0,1,0,0.4996089544313418
75.0,0.0,185041.0,0.0,46.0,9.0,4.0,1.0,39.0,3.0,2.0,11.0,4.0,0.0,1,0,0.4097955639395516
52.0,0.0,144844.0,0.0,49.0,9.0,4.0,1.0,39.0,14.0,2.0,11.0,4.0,0.0,1,0,0.4071485146109807
40.0,0.0,251305.0,0.0,44.0,12.0,1.0,1.0,39.0,1.0,2.0,7.0,4.0,0.0,1,0,0.425361997645786
55.0,0.0,268022.0,0.0,47.0,9.0,4.0,1.0,39.0,14.0,2.0,11.0,4.0,0.0,1,0,0.4071485146109807
40.0,0.0,332727.0,0.0,46.0,10.0,1.0,1.0,39.0,3.0,2.0,15.0,4.0,0.0,1,0,0.4389950257234358
40.0,0.0,383384.0,0.0,48.0,9.0,6.0,1.0,39.0,3.0,2.0,11.0,4.0,0.0,1,0,0.3208467098331411
40.0,0.0,76131.0,0.0,52.0,10.0,1.0,0.0,39.0,4.0,2.0,15.0,1.0,5.0,1,0,0.4701529261265049
40.0,0.0,221791.0,0.0,50.0,12.0,4.0,1.0,39.0,13.0,2.0,7.0,2.0,0.0,0,1,0.5035810681909387
60.0,0.0,128033.0,0.0,38.0,10.0,4.0,1.0,39.0,12.0,2.0,15.0,4.0,0.0,0,1,0.5092341057327738
40.0,0.0,187097.0,0.0,88.0,15.0,6.0,1.0,39.0,4.0,2.0,14.0,4.0,0.0,0,1,0.6074766890887411
48.0,0.0,199058.0,0.0,45.0,13.0,4.0,1.0,0.0,4.0,2.0,9.0,4.0,0.0,0,1,0.8047480276392608
50.0,0.0,129673.0,0.0,50.0,13.0,4.0,0.0,39.0,4.0,0.0,9.0,4.0,1.0,1,0,0.3087318757882266
40.0,0.0,186434.0,0.0,37.0,9.0,4.0,1.0,39.0,8.0,2.0,11.0,2.0,0.0,1,0,0.18926931417171677
50.0,0.0,304595.0,0.0,29.0,14.0,4.0,1.0,39.0,12.0,4.0,12.0,4.0,1.0,1,0,0.15136915528263103
40.0,0.0,164526.0,0.0,37.0,13.0,4.0,1.0,39.0,10.0,2.0,9.0,4.0,0.0,0,1,0.6875058100389441
8.0,0.0,56328.0,0.0,32.0,13.0,6.0,0.0,39.0,10.0,2.0,9.0,4.0,5.0,1,0,0.475728248465137
50.0,0.0,105817.0,0.0,28.0,7.0,4.0,1.0,39.0,4.0,2.0,1.0,4.0,0.0,1,0,0.14861345568472872
40.0,0.0,361888.0,0.0,36.0,10.0,4.0,1.0,0.0,3.0,2.0,15.0,4.0,0.0,1,0,0.3079293542631671
60.0,0.0,37359.0,0.0,28.0,13.0,4.0,1.0,39.0,12.0,2.0,9.0,4.0,0.0,1,0,0.48727088722092876
40.0,0.0,454843.0,0.0,35.0,10.0,4.0,1.0,39.0,3.0,2.0,15.0,4.0,0.0,1,0,0.3027205062895141
45.0,0.0,241523.0,0.0,24.0,9.0,4.0,1.0,39.0,8.0,2.0,11.0,4.0,0.0,1,0,0.0679902900802744
40.0,0.0,182402.0,0.0,44.0,9.0,4.0,1.0,39.0,3.0,2.0,11.0,4.0,0.0,1,0,0.28714116629900377
70.0,0.0,176683.0,0.0,28.0,11.0,4.0,1.0,39.0,13.0,2.0,8.0,4.0,0.0,1,0,0.27395909198507273
65.0,0.0,155489.0,0.0,45.0,4.0,6.0,1.0,39.0,4.0,2.0,5.0,4.0,0.0,1,0,0.25101386635121276
40.0,0.0,356689.0,0.0,31.0,13.0,2.0,1.0,39.0,10.0,2.0,9.0,4.0,0.0,0,1,0.5355909467876361
40.0,0.0,80057.0,0.0,46.0,9.0,1.0,1.0,11.0,1.0,2.0,11.0,4.0,0.0,1,0,0.3320970947330279
10.0,0.0,111483.0,2174.0,65.0,10.0,6.0,1.0,39.0,4.0,2.0,15.0,4.0,0.0,1,0,0.29512969033684366
60.0,0.0,119411.0,0.0,31.0,13.0,6.0,1.0,39.0,4.0,0.0,9.0,4.0,4.0,1,0,0.17311947018420398
40.0,0.0,52242.0,0.0,24.0,9.0,4.0,0.0,39.0,12.0,2.0,11.0,4.0,5.0,1,0,0.12900293202646498
45.0,0.0,185063.0,0.0,34.0,10.0,4.0,1.0,39.0,7.0,2.0,15.0,4.0,0.0,1,0,0.28867992248718144
40.0,0.0,168232.0,0.0,49.0,9.0,1.0,1.0,39.0,1.0,2.0,11.0,4.0,0.0,1,0,0.3452259506053168
40.0,0.0,247043.0,0.0,46.0,9.0,4.0,1.0,39.0,14.0,2.0,11.0,4.0,0.0,1,0,0.3453317246812002
40.0,0.0,206297.0,0.0,31.0,9.0,2.0,1.0,39.0,11.0,2.0,11.0,4.0,0.0,1,0,0.20274887697022229
40.0,0.0,32446.0,0.0,56.0,10.0,4.0,1.0,39.0,3.0,2.0,15.0,4.0,0.0,1,0,0.40725913112652
48.0,0.0,171467.0,0.0,55.0,9.0,4.0,1.0,39.0,3.0,0.0,11.0,2.0,4.0,1,0,0.11783676924906517
60.0,0.0,112283.0,0.0,41.0,9.0,4.0,1.0,39.0,3.0,2.0,11.0,4.0,0.0,1,0,0.329801163522076
65.0,0.0,160574.0,0.0,44.0,9.0,4.0,1.0,39.0,3.0,2.0,11.0,4.0,0.0,1,0,0.3613670393016414
45.0,0.0,146477.0,0.0,55.0,10.0,1.0,1.0,39.0,3.0,2.0,15.0,4.0,0.0,0,1,0.5386966343659374
50.0,0.0,44767.0,0.0,28.0,13.0,4.0,1.0,39.0,4.0,4.0,9.0,4.0,3.0,1,0,0.09233765818081383
40.0,0.0,131826.0,0.0,48.0,10.0,4.0,1.0,39.0,1.0,2.0,15.0,4.0,0.0,1,0,0.4114417036184007
40.0,0.0,104663.0,0.0,42.0,16.0,7.0,0.0,22.0,4.0,4.0,10.0,4.0,1.0,1,0,0.2666544101506289
58.0,0.0,177905.0,0.0,44.0,10.0,4.0,1.0,39.0,7.0,0.0,15.0,4.0,4.0,1,0,0.09020446969035356
40.0,0.0,246262.0,0.0,59.0,10.0,4.0,1.0,39.0,13.0,2.0,15.0,4.0,0.0,1,0,0.4767052101321962
40.0,0.0,130067.0,0.0,28.0,13.0,4.0,0.0,39.0,10.0,2.0,9.0,4.0,5.0,1,0,0.4783414234108038
40.0,0.0,177675.0,0.0,30.0,10.0,4.0,1.0,39.0,3.0,4.0,15.0,4.0,1.0,1,0,0.0429658259022159
20.0,0.0,111499.0,0.0,39.0,12.0,2.0,0.0,39.0,1.0,2.0,7.0,4.0,5.0,1,0,0.35613371513025077
40.0,0.0,121832.0,0.0,60.0,7.0,4.0,1.0,39.0,12.0,2.0,1.0,4.0,0.0,1,0,0.1888700940878145
40.0,0.0,192039.0,0.0,32.0,11.0,4.0,0.0,39.0,10.0,2.0,8.0,4.0,5.0,1,0,0.4716867173842606
60.0,0.0,136077.0,0.0,29.0,9.0,4.0,1.0,39.0,12.0,2.0,11.0,4.0,0.0,1,0,0.25143900241916023
50.0,0.0,184307.0,0.0,31.0,10.0,4.0,1.0,23.0,4.0,2.0,15.0,4.0,0.0,1,0,0.3432882640014533
45.0,0.0,134286.0,0.0,56.0,10.0,4.0,1.0,39.0,4.0,2.0,15.0,4.0,0.0,0,1,0.6170922602554788
40.0,0.0,202467.0,0.0,49.0,9.0,2.0,1.0,39.0,11.0,2.0,11.0,4.0,0.0,1,0,0.38034219054180773
50.0,0.0,63042.0,0.0,44.0,13.0,4.0,0.0,39.0,4.0,0.0,9.0,4.0,3.0,1,0,0.22206325462886506
40.0,0.0,356934.0,0.0,40.0,12.0,4.0,1.0,39.0,4.0,0.0,7.0,4.0,1.0,1,0,0.14157244228767032
45.0,0.0,80282.0,0.0,47.0,16.0,7.0,1.0,39.0,10.0,2.0,10.0,4.0,0.0,0,1,0.8129672585548849
45.0,0.0,456236.0,0.0,44.0,10.0,5.0,1.0,39.0,12.0,0.0,15.0,4.0,3.0,1,0,0.16370693082461876
40.0,0.0,404616.0,0.0,25.0,13.0,4.0,1.0,39.0,4.0,2.0,9.0,4.0,0.0,1,0,0.35579675155594265
52.0,0.0,244087.0,0.0,61.0,9.0,6.0,1.0,39.0,3.0,2.0,11.0,4.0,0.0,1,0,0.31688916090569896
60.0,0.0,83064.0,0.0,47.0,13.0,6.0,1.0,39.0,5.0,2.0,9.0,4.0,0.0,0,1,0.5589192870970603
40.0,0.0,220269.0,0.0,47.0,10.0,1.0,1.0,39.0,6.0,2.0,15.0,4.0,0.0,1,0,0.33915950469183503
20.0,0.0,106707.0,0.0,55.0,12.0,0.0,1.0,39.0,0.0,2.0,7.0,2.0,0.0,1,0,0.19259530250296739
40.0,0.0,170154.0,0.0,30.0,13.0,4.0,0.0,39.0,13.0,4.0,9.0,4.0,1.0,1,0,0.05324039654553161
50.0,0.0,185405.0,0.0,36.0,9.0,4.0,1.0,39.0,1.0,2.0,11.0,4.0,0.0,1,0,0.33427645231739045
40.0,0.0,311534.0,0.0,40.0,9.0,4.0,1.0,39.0,6.0,2.0,11.0,4.0,0.0,1,0,0.2107152856578462
40.0,0.0,253121.0,0.0,34.0,13.0,7.0,1.0,39.0,10.0,2.0,9.0,4.0,0.0,0,1,0.5754736683143425
41.0,0.0,375049.0,0.0,59.0,9.0,0.0,1.0,39.0,0.0,2.0,11.0,4.0,0.0,1,0,0.3485711468315484
40.0,0.0,110871.0,0.0,55.0,13.0,4.0,1.0,39.0,12.0,2.0,9.0,4.0,0.0,0,1,0.6903341371319234
40.0,0.0,20956.0,1740.0,47.0,13.0,1.0,1.0,39.0,3.0,2.0,9.0,4.0,0.0,0,1,0.5308049662289102
40.0,0.0,441542.0,0.0,46.0,13.0,2.0,1.0,39.0,14.0,2.0,9.0,2.0,0.0,0,1,0.6406983715553217
40.0,0.0,193335.0,0.0,59.0,9.0,4.0,1.0,39.0,3.0,2.0,11.0,4.0,0.0,1,0,0.33077447897260037
45.0,0.0,241998.0,0.0,35.0,13.0,6.0,1.0,39.0,3.0,2.0,9.0,4.0,0.0,0,1,0.5282444555555159
50.0,0.0,181291.0,1564.0,28.0,13.0,4.0,0.0,39.0,4.0,4.0,9.0,4.0,1.0,1,0,0.09272446600035494
40.0,0.0,344073.0,0.0,34.0,9.0,4.0,1.0,39.0,1.0,5.0,11.0,4.0,1.0,1,0,0.06710561115994938
40.0,0.0,195258.0,0.0,43.0,9.0,4.0,1.0,39.0,3.0,2.0,11.0,4.0,0.0,1,0,0.28198924930462005
84.0,0.0,189933.0,0.0,55.0,10.0,4.0,1.0,39.0,14.0,2.0,15.0,4.0,0.0,0,1,0.5347071280589349
50.0,0.0,241153.0,0.0,39.0,14.0,5.0,1.0,39.0,4.0,2.0,12.0,4.0,0.0,0,1,0.841454731062618
60.0,0.0,635913.0,0.0,37.0,13.0,4.0,1.0,39.0,4.0,4.0,9.0,2.0,1.0,1,0,0.2883162743233811
50.0,0.0,177633.0,0.0,46.0,9.0,4.0,1.0,39.0,7.0,2.0,11.0,4.0,0.0,1,0,0.32061848886199634
40.0,0.0,71344.0,0.0,52.0,14.0,7.0,1.0,39.0,10.0,2.0,12.0,4.0,0.0,0,1,0.7142081992852365
40.0,0.0,287233.0,0.0,26.0,13.0,2.0,0.0,39.0,10.0,2.0,9.0,2.0,5.0,1,0,0.38457576422959244
50.0,0.0,170769.0,0.0,34.0,9.0,4.0,1.0,39.0,1.0,2.0,11.0,4.0,0.0,1,0,0.3073309829135624
40.0,0.0,256997.0,0.0,39.0,13.0,2.0,1.0,39.0,3.0,2.0,9.0,4.0,0.0,0,1,0.5841933709124254
40.0,0.0,184428.0,0.0,49.0,14.0,2.0,1.0,39.0,1.0,2.0,12.0,4.0,0.0,0,1,0.6631464684174235
40.0,0.0,171635.0,0.0,63.0,13.0,4.0,1.0,39.0,12.0,2.0,9.0,4.0,0.0,0,1,0.689909750166267
40.0,0.0,196342.0,0.0,32.0,16.0,4.0,1.0,39.0,10.0,4.0,10.0,4.0,1.0,1,0,0.1937915024272002
60.0,0.0,171841.0,0.0,42.0,15.0,4.0,1.0,39.0,10.0,2.0,14.0,4.0,0.0,0,1,0.837634024095316
40.0,0.0,188576.0,0.0,27.0,13.0,4.0,1.0,30.0,10.0,5.0,9.0,1.0,1.0,1,0,0.04532907562976513
40.0,0.0,31621.0,0.0,50.0,9.0,4.0,1.0,39.0,3.0,2.0,11.0,4.0,0.0,1,0,0.30812057633726886
48.0,0.0,178946.0,0.0,54.0,9.0,4.0,1.0,39.0,3.0,2.0,11.0,4.0,0.0,1,0,0.4097955639395516
40.0,0.0,169020.0,0.0,30.0,13.0,2.0,1.0,39.0,10.0,2.0,9.0,4.0,0.0,0,1,0.5187254478550285
40.0,0.0,111128.0,0.0,38.0,12.0,4.0,1.0,39.0,4.0,2.0,7.0,4.0,0.0,1,0,0.47399319140296237
40.0,0.0,98283.0,0.0,35.0,15.0,4.0,1.0,19.0,10.0,4.0,14.0,1.0,1.0,1,0,0.26405170517264176
50.0,0.0,153549.0,0.0,30.0,9.0,5.0,1.0,39.0,4.0,2.0,11.0,4.0,0.0,1,0,0.3202424591428554
48.0,0.0,185798.0,0.0,44.0,11.0,4.0,1.0,39.0,3.0,5.0,8.0,4.0,2.0,1,0,0.11276926142638172
42.0,0.0,34269.0,653.0,57.0,9.0,4.0,1.0,39.0,14.0,6.0,11.0,4.0,4.0,1,0,0.10012951877714373
35.0,0.0,181755.0,0.0,53.0,14.0,2.0,0.0,39.0,10.0,0.0,12.0,4.0,1.0,1,0,0.18089578261520683
40.0,0.0,263908.0,0.0,32.0,13.0,4.0,1.0,39.0,10.0,2.0,9.0,4.0,0.0,0,1,0.5407795411605186
60.0,0.0,229566.0,0.0,32.0,11.0,4.0,1.0,39.0,8.0,2.0,8.0,4.0,0.0,1,0,0.27206536817459487
40.0,0.0,211222.0,0.0,64.0,13.0,7.0,1.0,39.0,1.0,2.0,9.0,4.0,0.0,0,1,0.52846288173079
45.0,0.0,256916.0,0.0,54.0,9.0,4.0,1.0,39.0,4.0,2.0,11.0,4.0,0.0,0,1,0.5054773860918584
40.0,0.0,233734.0,0.0,53.0,14.0,2.0,0.0,39.0,10.0,0.0,12.0,2.0,1.0,1,0,0.2207169235653727
40.0,0.0,206487.0,0.0,55.0,10.0,4.0,1.0,39.0,10.0,2.0,15.0,4.0,0.0,1,0,0.4767052101321962
42.0,0.0,178312.0,0.0,61.0,12.0,4.0,1.0,39.0,4.0,2.0,7.0,4.0,0.0,0,1,0.6645209082892697
40.0,0.0,72442.0,0.0,61.0,7.0,4.0,1.0,39.0,8.0,2.0,1.0,4.0,0.0,1,0,0.10172924039629995
50.0,0.0,165881.0,0.0,56.0,9.0,5.0,1.0,39.0,12.0,2.0,11.0,4.0,0.0,1,0,0.4531048387758774
56.0,0.0,204494.0,0.0,33.0,10.0,4.0,1.0,39.0,4.0,2.0,15.0,4.0,0.0,1,0,0.4757169186077808
40.0,0.0,104333.0,0.0,58.0,10.0,4.0,1.0,39.0,3.0,2.0,15.0,4.0,0.0,1,0,0.4031795426768411
40.0,0.0,331643.0,0.0,45.0,10.0,4.0,1.0,39.0,3.0,2.0,15.0,4.0,0.0,1,0,0.4231550376752253
40.0,0.0,126850.0,0.0,41.0,15.0,4.0,1.0,30.0,1.0,2.0,14.0,1.0,0.0,0,1,0.605185027318024
48.0,0.0,163392.0,0.0,33.0,9.0,4.0,1.0,39.0,10.0,2.0,11.0,0.0,0.0,1,0,0.27636696332451893
40.0,4787.0,121590.0,0.0,39.0,10.0,4.0,1.0,39.0,10.0,4.0,15.0,2.0,1.0,1,0,0.30937815610385
55.0,0.0,142444.0,0.0,43.0,10.0,4.0,0.0,39.0,12.0,0.0,15.0,4.0,4.0,1,0,0.10952791297749992
40.0,0.0,128212.0,0.0,43.0,3.0,4.0,0.0,40.0,7.0,2.0,4.0,1.0,5.0,1,0,0.09317541992141766
40.0,0.0,263600.0,0.0,28.0,9.0,2.0,1.0,39.0,11.0,2.0,11.0,4.0,0.0,1,0,0.16478172239568778
98.0,2407.0,30653.0,0.0,50.0,14.0,6.0,1.0,39.0,5.0,2.0,12.0,4.0,0.0,0,1,0.6206970000746569
48.0,0.0,168337.0,0.0,47.0,9.0,4.0,1.0,39.0,7.0,2.0,11.0,4.0,0.0,1,0,0.32061848886199634
55.0,0.0,342906.0,0.0,57.0,5.0,4.0,1.0,39.0,12.0,2.0,6.0,2.0,0.0,1,0,0.2187933597696035
48.0,0.0,97688.0,0.0,40.0,10.0,4.0,1.0,39.0,13.0,2.0,15.0,4.0,0.0,1,0,0.45612817802909944
40.0,0.0,422813.0,0.0,46.0,10.0,4.0,1.0,39.0,1.0,2.0,15.0,4.0,0.0,1,0,0.45208686029349426
70.0,3103.0,345522.0,0.0,30.0,9.0,4.0,1.0,39.0,14.0,2.0,11.0,4.0,0.0,1,0,0.36211696723522313
40.0,0.0,190909.0,0.0,52.0,9.0,4.0,1.0,39.0,4.0,2.0,11.0,4.0,0.0,1,0,0.40217432148136556
50.0,0.0,124919.0,0.0,32.0,13.0,5.0,1.0,20.0,8.0,2.0,9.0,1.0,0.0,1,0,0.45440686059266455
40.0,0.0,133694.0,0.0,48.0,13.0,6.0,1.0,23.0,4.0,3.0,9.0,2.0,1.0,1,0,0.13358066494876975
40.0,0.0,260578.0,0.0,35.0,9.0,4.0,0.0,39.0,4.0,0.0,11.0,4.0,4.0,1,0,0.04597723681515209
38.0,0.0,192323.0,0.0,46.0,10.0,2.0,1.0,39.0,11.0,2.0,15.0,4.0,0.0,1,0,0.4631375145978431
40.0,0.0,111567.0,0.0,31.0,13.0,4.0,1.0,39.0,12.0,4.0,9.0,4.0,1.0,1,0,0.06591523673527902
40.0,0.0,142828.0,0.0,46.0,9.0,4.0,0.0,39.0,12.0,2.0,11.0,4.0,5.0,1,0,0.4117663728644253
40.0,0.0,199058.0,0.0,47.0,10.0,4.0,1.0,39.0,10.0,2.0,15.0,4.0,0.0,1,0,0.4767052101321962
60.0,0.0,237713.0,0.0,38.0,13.0,4.0,1.0,39.0,4.0,2.0,9.0,4.0,0.0,0,1,0.7897067834531332
60.0,0.0,181758.0,0.0,48.0,16.0,6.0,0.0,39.0,10.0,4.0,10.0,4.0,4.0,1,0,0.48085468722960567
40.0,0.0,206307.0,0.0,26.0,9.0,4.0,1.0,39.0,3.0,2.0,11.0,4.0,0.0,1,0,0.12003117612786705
55.0,0.0,101978.0,2258.0,38.0,10.0,4.0,1.0,39.0,7.0,5.0,15.0,4.0,1.0,1,0,0.16587177141217072
40.0,0.0,269323.0,0.0,38.0,9.0,4.0,1.0,39.0,1.0,2.0,11.0,4.0,0.0,1,0,0.28198924930462005
50.0,0.0,111128.0,0.0,37.0,10.0,5.0,1.0,39.0,3.0,2.0,15.0,4.0,0.0,1,0,0.4457975159731728
40.0,0.0,112497.0,0.0,36.0,13.0,4.0,1.0,39.0,13.0,2.0,9.0,4.0,0.0,0,1,0.6025372239297794
50.0,0.0,75104.0,0.0,48.0,13.0,4.0,1.0,39.0,10.0,2.0,9.0,4.0,0.0,0,1,0.749145594105052
65.0,0.0,212838.0,0.0,64.0,9.0,4.0,1.0,39.0,12.0,2.0,11.0,4.0,0.0,1,0,0.3995931936427305
40.0,0.0,275236.0,0.0,56.0,13.0,4.0,1.0,39.0,7.0,2.0,9.0,4.0,0.0,0,1,0.5616813673365784
50.0,0.0,158752.0,0.0,56.0,14.0,4.0,0.0,39.0,4.0,2.0,12.0,4.0,5.0,0,1,0.8139317513517426
45.0,0.0,107762.0,0.0,40.0,13.0,6.0,1.0,39.0,4.0,2.0,9.0,4.0,0.0,0,1,0.6938586014260969
40.0,0.0,105779.0,0.0,47.0,13.0,5.0,1.0,39.0,12.0,4.0,9.0,4.0,3.0,1,0,0.15022703784278954
44.0,0.0,116541.0,0.0,35.0,14.0,4.0,1.0,39.0,10.0,4.0,12.0,4.0,3.0,1,0,0.2243257062754855
35.0,7443.0,213307.0,0.0,34.0,9.0,4.0,0.0,39.0,6.0,4.0,11.0,4.0,4.0,0,1,0.7970568875463114
60.0,0.0,165815.0,0.0,44.0,9.0,4.0,1.0,39.0,4.0,2.0,11.0,4.0,0.0,1,0,0.45444797457801006
40.0,0.0,305147.0,0.0,50.0,13.0,4.0,1.0,39.0,3.0,2.0,9.0,4.0,0.0,0,1,0.6387500283492448
25.0,0.0,203204.0,0.0,39.0,12.0,4.0,0.0,39.0,1.0,2.0,7.0,4.0,5.0,1,0,0.3994484701649893
35.0,0.0,152958.0,0.0,43.0,9.0,6.0,1.0,39.0,4.0,2.0,11.0,4.0,0.0,1,0,0.2343061242767636
40.0,0.0,321333.0,0.0,55.0,10.0,1.0,1.0,39.0,1.0,2.0,15.0,4.0,0.0,1,0,0.4271679205684245
40.0,0.0,151029.0,0.0,39.0,9.0,5.0,1.0,39.0,4.0,2.0,11.0,4.0,0.0,1,0,0.3565798602905081
48.0,0.0,191295.0,0.0,44.0,13.0,1.0,1.0,39.0,4.0,2.0,9.0,2.0,0.0,0,1,0.7822646057720252
40.0,0.0,192203.0,1485.0,45.0,10.0,6.0,1.0,39.0,3.0,2.0,15.0,4.0,0.0,1,0,0.36941953948028017
40.0,0.0,73715.0,0.0,37.0,10.0,4.0,1.0,39.0,3.0,2.0,15.0,4.0,0.0,1,0,0.3420642187089848
35.0,0.0,185744.0,0.0,36.0,10.0,4.0,0.0,39.0,4.0,2.0,15.0,4.0,5.0,1,0,0.4569919297075971
50.0,0.0,162930.0,0.0,33.0,13.0,4.0,1.0,22.0,10.0,2.0,9.0,4.0,0.0,0,1,0.6823000123074545
8.0,0.0,104576.0,0.0,66.0,13.0,6.0,1.0,39.0,4.0,2.0,9.0,4.0,0.0,1,0,0.32941455820279053
45.0,0.0,169995.0,0.0,42.0,10.0,4.0,1.0,39.0,10.0,2.0,15.0,4.0,0.0,0,1,0.5092341057327738
40.0,0.0,55395.0,0.0,40.0,11.0,4.0,1.0,39.0,10.0,2.0,8.0,4.0,0.0,1,0,0.39675460719039457
20.0,0.0,188982.0,0.0,58.0,9.0,4.0,1.0,39.0,6.0,2.0,11.0,2.0,0.0,1,0,0.09298025336384722
40.0,0.0,229376.0,0.0,49.0,9.0,1.0,1.0,39.0,1.0,2.0,11.0,4.0,0.0,1,0,0.3452259506053168
65.0,0.0,33404.0,0.0,33.0,9.0,6.0,1.0,39.0,3.0,0.0,11.0,4.0,1.0,1,0,0.058003817400516355
48.0,0.0,147110.0,0.0,43.0,10.0,4.0,1.0,39.0,1.0,4.0,15.0,4.0,4.0,1,0,0.09606863909742237
50.0,0.0,200235.0,0.0,55.0,9.0,0.0,1.0,39.0,0.0,2.0,11.0,4.0,0.0,1,0,0.4009654157715466
40.0,0.0,137815.0,0.0,53.0,10.0,5.0,1.0,39.0,4.0,6.0,15.0,4.0,1.0,1,0,0.12132852003867269
55.0,0.0,163604.0,0.0,30.0,13.0,4.0,0.0,39.0,10.0,6.0,9.0,4.0,4.0,1,0,0.09545025883345833
48.0,0.0,146576.0,0.0,75.0,13.0,6.0,1.0,39.0,10.0,6.0,9.0,4.0,4.0,1,0,0.14242833401739796
60.0,0.0,80303.0,0.0,38.0,10.0,4.0,1.0,39.0,12.0,2.0,15.0,4.0,0.0,1,0,0.45612817802909944
40.0,0.0,222011.0,0.0,45.0,13.0,1.0,1.0,39.0,6.0,2.0,9.0,4.0,0.0,0,1,0.5775153292184444
40.0,0.0,166459.0,0.0,51.0,11.0,5.0,1.0,39.0,4.0,2.0,8.0,4.0,0.0,0,1,0.5343541241379135
50.0,0.0,331482.0,0.0,45.0,13.0,4.0,1.0,39.0,10.0,2.0,9.0,4.0,0.0,0,1,0.7870008231704394
7.0,0.0,194360.0,0.0,47.0,9.0,2.0,0.0,39.0,8.0,2.0,11.0,4.0,5.0,1,0,0.18512496074515652
40.0,0.0,123270.0,0.0,34.0,9.0,4.0,1.0,39.0,3.0,2.0,11.0,4.0,0.0,1,0,0.21202662720161078
80.0,0.0,275110.0,0.0,27.0,9.0,4.0,1.0,39.0,6.0,2.0,11.0,2.0,0.0,1,0,0.16076997563133974
40.0,0.0,211668.0,0.0,47.0,9.0,4.0,0.0,39.0,7.0,2.0,11.0,2.0,5.0,1,0,0.23730077054014115
60.0,0.0,203277.0,0.0,30.0,9.0,4.0,1.0,39.0,11.0,2.0,11.0,4.0,0.0,1,0,0.2630499422961672
50.0,0.0,253354.0,0.0,31.0,13.0,4.0,1.0,39.0,10.0,2.0,9.0,4.0,0.0,0,1,0.6363410597309197
44.0,0.0,182211.0,0.0,48.0,9.0,4.0,1.0,39.0,3.0,2.0,11.0,4.0,0.0,1,0,0.4097955639395516
55.0,0.0,43387.0,0.0,24.0,13.0,4.0,1.0,9.0,4.0,2.0,9.0,4.0,0.0,1,0,0.34182924193528974
55.0,0.0,279337.0,0.0,50.0,13.0,4.0,1.0,39.0,4.0,0.0,9.0,4.0,1.0,1,0,0.3787326383782024
40.0,0.0,169482.0,0.0,55.0,9.0,7.0,1.0,39.0,5.0,2.0,11.0,4.0,0.0,1,0,0.2056485272320327
40.0,0.0,66297.0,0.0,35.0,13.0,4.0,0.0,30.0,10.0,4.0,9.0,1.0,1.0,1,0,0.0701112919108999
60.0,0.0,143058.0,0.0,35.0,13.0,4.0,1.0,39.0,10.0,2.0,9.0,4.0,0.0,0,1,0.7376823012856504
40.0,0.0,124692.0,0.0,41.0,10.0,4.0,1.0,39.0,4.0,2.0,15.0,4.0,3.0,1,0,0.12549509082355367
40.0,0.0,212120.0,0.0,46.0,11.0,1.0,1.0,39.0,1.0,2.0,8.0,4.0,0.0,1,0,0.4415684186432263
40.0,0.0,320277.0,0.0,43.0,13.0,4.0,1.0,39.0,4.0,2.0,9.0,4.0,0.0,0,1,0.699384839192517
40.0,0.0,377095.0,0.0,28.0,13.0,4.0,0.0,39.0,4.0,2.0,9.0,4.0,5.0,0,1,0.584534276360714
55.0,0.0,103586.0,0.0,53.0,13.0,4.0,1.0,39.0,6.0,2.0,9.0,4.0,0.0,0,1,0.6460239870376029
40.0,0.0,176998.0,0.0,32.0,13.0,4.0,1.0,39.0,4.0,2.0,9.0,4.0,0.0,0,1,0.5724881449046092
48.0,0.0,177792.0,0.0,32.0,13.0,4.0,0.0,39.0,4.0,0.0,9.0,4.0,1.0,1,0,0.16211332634166328
40.0,0.0,300681.0,0.0,34.0,10.0,4.0,1.0,23.0,10.0,2.0,15.0,2.0,0.0,1,0,0.2701971490612449
40.0,0.0,210164.0,0.0,31.0,9.0,6.0,1.0,39.0,4.0,2.0,11.0,4.0,0.0,1,0,0.1841798695033399
45.0,0.0,296212.0,0.0,38.0,13.0,4.0,1.0,39.0,3.0,2.0,9.0,4.0,0.0,0,1,0.6770724109085348
40.0,0.0,367292.0,0.0,42.0,10.0,7.0,1.0,39.0,11.0,2.0,15.0,4.0,0.0,1,0,0.4273371298986235
40.0,0.0,271521.0,0.0,42.0,10.0,2.0,1.0,39.0,11.0,2.0,15.0,3.0,0.0,1,0,0.39615139840447927
50.0,0.0,259363.0,0.0,52.0,9.0,4.0,1.0,39.0,3.0,2.0,11.0,4.0,0.0,1,0,0.4097955639395516
40.0,0.0,294292.0,0.0,37.0,15.0,4.0,1.0,39.0,4.0,2.0,14.0,4.0,0.0,0,1,0.792444550345057
65.0,0.0,415037.0,0.0,52.0,10.0,5.0,1.0,39.0,4.0,0.0,15.0,4.0,1.0,1,0,0.2836856752374845
40.0,0.0,48779.0,0.0,38.0,10.0,4.0,1.0,39.0,14.0,2.0,15.0,4.0,0.0,1,0,0.33771159088780583
46.0,0.0,167967.0,0.0,63.0,14.0,4.0,1.0,39.0,6.0,2.0,12.0,4.0,0.0,0,1,0.6814378455170951
40.0,0.0,266598.0,0.0,53.0,9.0,1.0,1.0,39.0,10.0,2.0,11.0,4.0,0.0,1,0,0.44207802322634626
40.0,0.0,222405.0,2377.0,52.0,9.0,4.0,1.0,39.0,12.0,2.0,11.0,2.0,0.0,0,1,0.6280394709904872
80.0,4386.0,69333.0,0.0,42.0,11.0,6.0,1.0,39.0,14.0,2.0,8.0,4.0,0.0,1,0,0.4776687319613256
91.0,0.0,230168.0,0.0,41.0,10.0,5.0,1.0,39.0,12.0,2.0,15.0,4.0,0.0,0,1,0.5182533365585081
65.0,0.0,150057.0,0.0,36.0,10.0,4.0,1.0,39.0,4.0,2.0,15.0,4.0,0.0,0,1,0.5382075952060625
40.0,0.0,343849.0,0.0,56.0,10.0,4.0,1.0,39.0,14.0,2.0,15.0,2.0,0.0,0,1,0.5840222353615133
16.0,0.0,163665.0,0.0,60.0,10.0,4.0,1.0,39.0,11.0,2.0,15.0,4.0,0.0,1,0,0.26899526064343715
40.0,0.0,400061.0,0.0,40.0,10.0,4.0,1.0,39.0,7.0,2.0,15.0,3.0,0.0,1,0,0.2804010149099448
45.0,0.0,161240.0,0.0,43.0,9.0,2.0,1.0,39.0,11.0,2.0,11.0,4.0,0.0,1,0,0.39690604012678
45.0,0.0,95708.0,0.0,41.0,14.0,6.0,1.0,39.0,4.0,4.0,12.0,1.0,1.0,1,0,0.233801353798443
22.0,0.0,139049.0,0.0,73.0,9.0,0.0,0.0,39.0,0.0,6.0,11.0,4.0,1.0,1,0,0.015732926808004522
20.0,0.0,343403.0,0.0,35.0,16.0,4.0,0.0,0.0,13.0,2.0,10.0,4.0,5.0,0,1,0.6329153976102083
50.0,0.0,208630.0,0.0,50.0,14.0,4.0,0.0,39.0,12.0,0.0,12.0,4.0,1.0,1,0,0.344435346445262
50.0,0.0,184787.0,0.0,48.0,4.0,5.0,1.0,39.0,3.0,2.0,5.0,4.0,0.0,1,0,0.2494467954475071
40.0,0.0,209449.0,0.0,34.0,10.0,4.0,1.0,39.0,13.0,2.0,15.0,2.0,0.0,1,0,0.302888739554483
40.0,0.0,141388.0,0.0,53.0,9.0,4.0,1.0,39.0,14.0,2.0,11.0,4.0,0.0,1,0,0.3589051669107147
40.0,0.0,148995.0,0.0,47.0,9.0,4.0,1.0,39.0,3.0,2.0,11.0,4.0,0.0,1,0,0.33077447897260037
40.0,0.0,155489.0,0.0,49.0,13.0,4.0,1.0,39.0,3.0,2.0,9.0,4.0,0.0,0,1,0.6387500283492448
50.0,0.0,270842.0,0.0,45.0,14.0,4.0,0.0,39.0,4.0,0.0,12.0,4.0,1.0,1,0,0.40192724183089085
60.0,0.0,87507.0,0.0,29.0,16.0,4.0,1.0,19.0,10.0,2.0,10.0,1.0,0.0,0,1,0.5687597347093076
45.0,0.0,196342.0,0.0,33.0,16.0,6.0,1.0,39.0,10.0,4.0,10.0,4.0,1.0,1,0,0.38433300755153577
45.0,0.0,315971.0,0.0,43.0,13.0,4.0,0.0,39.0,4.0,0.0,9.0,4.0,1.0,1,0,0.23965670228774
40.0,0.0,50178.0,0.0,50.0,9.0,4.0,1.0,39.0,13.0,2.0,11.0,4.0,0.0,1,0,0.3338395659276903
35.0,0.0,203098.0,0.0,50.0,13.0,6.0,1.0,39.0,4.0,2.0,9.0,4.0,0.0,0,1,0.6221613274431365
40.0,4386.0,141944.0,0.0,48.0,9.0,4.0,1.0,39.0,7.0,2.0,11.0,4.0,0.0,1,0,0.4425011801932718
44.0,0.0,146325.0,0.0,50.0,9.0,4.0,1.0,39.0,3.0,2.0,11.0,4.0,0.0,1,0,0.4097955639395516
60.0,0.0,290661.0,0.0,57.0,16.0,7.0,1.0,39.0,10.0,0.0,10.0,4.0,1.0,1,0,0.37254733948820135
49.0,0.0,111567.0,0.0,32.0,9.0,7.0,1.0,39.0,3.0,2.0,11.0,4.0,0.0,1,0,0.180537169243859
45.0,0.0,240810.0,0.0,37.0,12.0,4.0,1.0,39.0,3.0,2.0,7.0,4.0,0.0,0,1,0.514449237235656
40.0,0.0,167886.0,0.0,50.0,10.0,4.0,1.0,39.0,12.0,2.0,15.0,4.0,0.0,1,0,0.4767052101321962
50.0,0.0,428499.0,1485.0,41.0,7.0,4.0,1.0,39.0,3.0,2.0,1.0,4.0,0.0,1,0,0.20475924245219637
40.0,0.0,165637.0,0.0,51.0,14.0,0.0,1.0,39.0,0.0,2.0,12.0,4.0,0.0,0,1,0.6549148627467621
40.0,0.0,188900.0,0.0,34.0,13.0,4.0,0.0,39.0,4.0,2.0,9.0,4.0,5.0,0,1,0.7297420741436695
45.0,0.0,110015.0,0.0,49.0,11.0,4.0,1.0,12.0,3.0,2.0,8.0,4.0,0.0,0,1,0.5226084301191681
38.0,0.0,121362.0,2258.0,57.0,10.0,4.0,0.0,39.0,1.0,6.0,15.0,4.0,4.0,1,0,0.17142369881306335
60.0,0.0,210736.0,0.0,52.0,13.0,5.0,1.0,39.0,12.0,2.0,9.0,4.0,0.0,0,1,0.7929904380190728
40.0,0.0,185480.0,0.0,31.0,9.0,4.0,0.0,0.0,1.0,2.0,11.0,4.0,5.0,1,0,0.31142674525604136
40.0,0.0,279183.0,0.0,44.0,10.0,4.0,0.0,39.0,8.0,2.0,15.0,4.0,3.0,1,0,0.0445587012627408
84.0,0.0,220362.0,0.0,33.0,11.0,4.0,1.0,39.0,14.0,2.0,8.0,4.0,0.0,1,0,0.405250787284725
36.0,0.0,215419.0,0.0,38.0,9.0,4.0,0.0,39.0,1.0,2.0,11.0,4.0,5.0,1,0,0.3710198229783574
20.0,0.0,113868.0,0.0,75.0,16.0,7.0,1.0,39.0,10.0,2.0,10.0,2.0,0.0,1,0,0.3875558562226282
40.0,0.0,128143.0,0.0,51.0,10.0,4.0,1.0,39.0,3.0,2.0,15.0,4.0,0.0,1,0,0.4231550376752253
32.0,0.0,63596.0,0.0,41.0,10.0,4.0,0.0,39.0,10.0,2.0,15.0,4.0,5.0,1,0,0.33182862548135517
35.0,0.0,332465.0,0.0,48.0,13.0,4.0,1.0,39.0,10.0,2.0,9.0,4.0,0.0,0,1,0.6730886335489223
40.0,0.0,390781.0,0.0,42.0,13.0,4.0,0.0,39.0,1.0,2.0,9.0,2.0,5.0,0,1,0.570865937643251
35.0,0.0,231105.0,0.0,63.0,10.0,6.0,1.0,39.0,7.0,2.0,15.0,4.0,0.0,1,0,0.19325692942575753
40.0,0.0,381153.0,0.0,31.0,6.0,4.0,1.0,39.0,13.0,2.0,0.0,4.0,0.0,1,0,0.12110985189579665
40.0,0.0,235693.0,0.0,54.0,7.0,4.0,1.0,39.0,1.0,0.0,1.0,4.0,1.0,1,0,0.05776716471737915
40.0,0.0,309272.0,0.0,79.0,9.0,5.0,1.0,39.0,4.0,2.0,11.0,4.0,0.0,1,0,0.3267004885248888
40.0,0.0,189183.0,0.0,51.0,13.0,5.0,1.0,39.0,4.0,2.0,9.0,4.0,0.0,0,1,0.7522049291880923
40.0,0.0,177937.0,0.0,43.0,13.0,4.0,1.0,0.0,10.0,4.0,9.0,4.0,1.0,1,0,0.13104179124536008
60.0,0.0,168475.0,0.0,35.0,10.0,6.0,1.0,39.0,3.0,2.0,15.0,4.0,0.0,1,0,0.32724279587836935
40.0,0.0,188808.0,0.0,44.0,11.0,2.0,1.0,39.0,3.0,2.0,8.0,4.0,0.0,1,0,0.38797226123765494
40.0,0.0,153870.0,2603.0,51.0,10.0,4.0,1.0,39.0,14.0,2.0,15.0,4.0,0.0,0,1,0.8795747149725464
40.0,0.0,234664.0,0.0,27.0,10.0,4.0,1.0,39.0,10.0,2.0,15.0,4.0,0.0,1,0,0.18808679929177147
60.0,0.0,170331.0,0.0,41.0,13.0,4.0,1.0,39.0,10.0,2.0,9.0,4.0,0.0,0,1,0.7526519301935498
20.0,0.0,123207.0,0.0,47.0,9.0,4.0,0.0,39.0,1.0,2.0,11.0,4.0,5.0,1,0,0.2775544904138405
40.0,0.0,145098.0,0.0,54.0,10.0,4.0,1.0,39.0,12.0,2.0,15.0,4.0,0.0,1,0,0.4767052101321962
55.0,0.0,251585.0,0.0,50.0,13.0,1.0,1.0,39.0,4.0,0.0,9.0,4.0,1.0,1,0,0.38706831774651
10.0,0.0,287372.0,0.0,71.0,16.0,0.0,1.0,39.0,0.0,2.0,10.0,4.0,0.0,1,0,0.34154779708376265
44.0,0.0,123211.0,0.0,37.0,9.0,4.0,1.0,39.0,8.0,2.0,11.0,4.0,0.0,1,0,0.27987825470603894
40.0,0.0,29235.0,0.0,32.0,10.0,2.0,0.0,10.0,11.0,2.0,15.0,4.0,5.0,1,0,0.45149650172325534
40.0,3103.0,155343.0,0.0,33.0,9.0,4.0,1.0,39.0,12.0,2.0,11.0,4.0,0.0,1,0,0.36872883819173913
50.0,0.0,254202.0,0.0,37.0,13.0,4.0,1.0,39.0,12.0,2.0,9.0,4.0,0.0,0,1,0.7526519301935498
40.0,0.0,254230.0,0.0,51.0,10.0,4.0,1.0,39.0,4.0,2.0,15.0,4.0,0.0,1,0,0.4996089544313418
50.0,0.0,351576.0,0.0,43.0,13.0,4.0,1.0,39.0,12.0,4.0,9.0,4.0,1.0,1,0,0.2263528102076409
55.0,0.0,212894.0,0.0,44.0,15.0,4.0,1.0,39.0,10.0,0.0,14.0,4.0,1.0,1,0,0.4296690865839758
40.0,0.0,204751.0,0.0,57.0,10.0,4.0,1.0,39.0,3.0,2.0,15.0,4.0,0.0,1,0,0.4231550376752253
40.0,0.0,185942.0,0.0,25.0,14.0,4.0,0.0,39.0,10.0,4.0,12.0,4.0,3.0,1,0,0.025587499886981578
45.0,0.0,287701.0,0.0,35.0,12.0,4.0,1.0,39.0,3.0,0.0,7.0,4.0,4.0,1,0,0.10065780663708497
40.0,0.0,102147.0,0.0,45.0,11.0,4.0,1.0,39.0,4.0,0.0,8.0,4.0,1.0,1,0,0.14963576770080972
40.0,0.0,226916.0,0.0,35.0,13.0,1.0,1.0,39.0,1.0,6.0,9.0,4.0,1.0,1,0,0.08971462384058239
70.0,0.0,282951.0,0.0,35.0,13.0,4.0,1.0,39.0,4.0,2.0,9.0,4.0,0.0,0,1,0.7763132427027294
50.0,0.0,403072.0,0.0,56.0,10.0,6.0,1.0,39.0,3.0,2.0,15.0,4.0,0.0,1,0,0.4880251920394086
45.0,0.0,306908.0,0.0,25.0,13.0,4.0,1.0,39.0,10.0,2.0,9.0,4.0,0.0,1,0,0.36987142334884704
45.0,0.0,54159.0,0.0,36.0,13.0,1.0,1.0,39.0,4.0,2.0,9.0,4.0,0.0,0,1,0.746616697597661
40.0,0.0,270889.0,0.0,30.0,10.0,4.0,1.0,39.0,1.0,2.0,15.0,4.0,0.0,1,0,0.21467271970014315
40.0,0.0,192381.0,0.0,42.0,9.0,4.0,1.0,39.0,3.0,2.0,11.0,4.0,0.0,1,0,0.28198924930462005
38.0,0.0,526968.0,0.0,37.0,14.0,4.0,0.0,39.0,10.0,4.0,12.0,4.0,1.0,1,0,0.1581930817056424
73.0,0.0,206322.0,0.0,30.0,9.0,4.0,1.0,39.0,14.0,2.0,11.0,4.0,0.0,1,0,0.2298176851200118
50.0,0.0,137733.0,0.0,60.0,13.0,6.0,1.0,39.0,5.0,2.0,9.0,4.0,0.0,0,1,0.5782723307394899
40.0,0.0,101709.0,0.0,32.0,13.0,4.0,1.0,39.0,10.0,2.0,9.0,1.0,0.0,1,0,0.4776349819078597
45.0,0.0,129513.0,0.0,49.0,14.0,4.0,1.0,39.0,12.0,2.0,12.0,4.0,0.0,0,1,0.8343490496622687
40.0,0.0,61270.0,0.0,51.0,9.0,4.0,1.0,39.0,6.0,2.0,11.0,4.0,0.0,1,0,0.22605529210482797
40.0,0.0,143266.0,0.0,58.0,13.0,5.0,1.0,39.0,10.0,2.0,9.0,4.0,0.0,0,1,0.7347240222355942
60.0,0.0,277034.0,0.0,59.0,9.0,4.0,1.0,39.0,13.0,0.0,11.0,4.0,4.0,1,0,0.14608352209575093
45.0,0.0,338345.0,0.0,60.0,9.0,4.0,1.0,39.0,3.0,2.0,11.0,4.0,0.0,1,0,0.4012534178163352
60.0,0.0,236910.0,0.0,35.0,13.0,4.0,1.0,39.0,4.0,2.0,9.0,4.0,0.0,0,1,0.7763132427027294
40.0,0.0,92036.0,0.0,40.0,9.0,4.0,1.0,39.0,6.0,2.0,11.0,4.0,0.0,1,0,0.1923267432904958
58.0,0.0,33109.0,0.0,48.0,13.0,1.0,1.0,39.0,4.0,0.0,9.0,4.0,4.0,1,0,0.34439650648086756
20.0,0.0,254211.0,0.0,51.0,13.0,4.0,1.0,39.0,3.0,2.0,9.0,4.0,0.0,1,0,0.3462273890860289
55.0,0.0,85423.0,0.0,51.0,9.0,4.0,1.0,39.0,12.0,2.0,11.0,4.0,0.0,1,0,0.4000694003610767
45.0,0.0,87556.0,0.0,35.0,14.0,4.0,1.0,39.0,10.0,4.0,12.0,4.0,1.0,1,0,0.21011384146799614
40.0,0.0,286115.0,0.0,36.0,9.0,4.0,1.0,39.0,3.0,2.0,11.0,4.0,0.0,1,0,0.24206766750200753
55.0,0.0,119177.0,0.0,38.0,9.0,4.0,1.0,39.0,12.0,2.0,11.0,4.0,0.0,1,0,0.39690604012678
40.0,0.0,301024.0,0.0,50.0,13.0,4.0,1.0,39.0,12.0,5.0,9.0,4.0,1.0,1,0,0.17953756173955285
40.0,0.0,433788.0,0.0,31.0,10.0,4.0,1.0,39.0,14.0,2.0,15.0,4.0,0.0,1,0,0.2440148551934662
50.0,0.0,167334.0,0.0,45.0,14.0,2.0,1.0,39.0,10.0,4.0,12.0,4.0,1.0,1,0,0.33776908211942475
40.0,0.0,260938.0,0.0,52.0,14.0,4.0,1.0,39.0,12.0,2.0,12.0,4.0,0.0,0,1,0.7845610871968631
45.0,0.0,135296.0,2258.0,29.0,13.0,4.0,0.0,39.0,4.0,4.0,9.0,4.0,1.0,1,0,0.19894112761480204
50.0,0.0,317032.0,0.0,52.0,9.0,4.0,1.0,39.0,3.0,2.0,11.0,4.0,0.0,1,0,0.4097955639395516
48.0,0.0,34722.0,0.0,40.0,10.0,4.0,1.0,39.0,14.0,0.0,15.0,4.0,1.0,1,0,0.11125593543534479
50.0,0.0,104334.0,0.0,41.0,10.0,4.0,1.0,39.0,12.0,2.0,15.0,4.0,0.0,1,0,0.45612817802909944
50.0,0.0,27444.0,0.0,40.0,13.0,2.0,1.0,39.0,10.0,4.0,9.0,4.0,1.0,1,0,0.34278453068272174
40.0,0.0,281425.0,0.0,53.0,9.0,4.0,1.0,39.0,3.0,2.0,11.0,4.0,0.0,1,0,0.33077447897260037
40.0,0.0,329059.0,0.0,56.0,9.0,4.0,1.0,22.0,7.0,2.0,11.0,4.0,0.0,1,0,0.22330904665091791
40.0,0.0,36327.0,0.0,53.0,9.0,4.0,1.0,39.0,12.0,2.0,11.0,4.0,0.0,1,0,0.3425149925113737
40.0,0.0,162572.0,0.0,31.0,13.0,4.0,1.0,39.0,4.0,2.0,9.0,4.0,0.0,0,1,0.5506916297872138
50.0,0.0,182609.0,0.0,38.0,13.0,4.0,1.0,31.0,12.0,2.0,9.0,4.0,0.0,0,1,0.7526519301935498
40.0,0.0,164775.0,0.0,22.0,3.0,2.0,1.0,13.0,6.0,4.0,4.0,4.0,2.0,1,0,0.007671587248527148
50.0,0.0,93793.0,0.0,40.0,9.0,6.0,1.0,39.0,3.0,2.0,11.0,4.0,0.0,1,0,0.2614321722858495
40.0,0.0,160120.0,0.0,35.0,13.0,4.0,1.0,30.0,1.0,2.0,9.0,1.0,0.0,1,0,0.46503066936166265
40.0,0.0,28151.0,0.0,55.0,9.0,2.0,0.0,39.0,1.0,0.0,11.0,4.0,1.0,1,0,0.059026743176652706
40.0,0.0,112847.0,0.0,36.0,13.0,1.0,1.0,39.0,10.0,2.0,9.0,1.0,0.0,0,1,0.622345336323855
40.0,0.0,183765.0,0.0,43.0,10.0,4.0,1.0,0.0,13.0,0.0,15.0,4.0,1.0,1,0,0.09142834711581065
45.0,0.0,191355.0,0.0,28.0,13.0,4.0,1.0,39.0,12.0,2.0,9.0,4.0,0.0,1,0,0.48870422643473493
40.0,0.0,232475.0,0.0,33.0,9.0,4.0,1.0,39.0,3.0,2.0,11.0,4.0,0.0,1,0,0.20674619742046557
36.0,0.0,153546.0,0.0,27.0,11.0,5.0,0.0,39.0,8.0,2.0,8.0,4.0,5.0,1,0,0.18371522706780383
40.0,0.0,116632.0,0.0,44.0,10.0,4.0,1.0,39.0,10.0,2.0,15.0,4.0,0.0,1,0,0.43485365423802347
50.0,0.0,79036.0,0.0,40.0,11.0,4.0,1.0,39.0,14.0,0.0,8.0,4.0,1.0,1,0,0.1328285337792984
50.0,0.0,132686.0,0.0,29.0,15.0,6.0,1.0,22.0,10.0,4.0,14.0,4.0,3.0,1,0,0.19379274861044624
40.0,0.0,90042.0,0.0,46.0,10.0,4.0,1.0,39.0,3.0,2.0,15.0,4.0,0.0,1,0,0.39551753595615585
40.0,0.0,243631.0,0.0,47.0,13.0,6.0,1.0,35.0,10.0,2.0,9.0,1.0,0.0,0,1,0.6510369653112994
40.0,0.0,67433.0,0.0,37.0,9.0,4.0,0.0,39.0,1.0,2.0,11.0,4.0,5.0,1,0,0.3709756357036546
40.0,0.0,389254.0,0.0,60.0,9.0,4.0,1.0,39.0,12.0,2.0,11.0,4.0,0.0,1,0,0.3995024458699649
40.0,0.0,98283.0,1564.0,34.0,15.0,4.0,1.0,19.0,13.0,4.0,14.0,1.0,1.0,1,0,0.17103785556280926
40.0,0.0,171482.0,0.0,39.0,13.0,7.0,1.0,39.0,10.0,4.0,9.0,4.0,1.0,1,0,0.1300988558241383
40.0,0.0,136629.0,0.0,36.0,10.0,4.0,1.0,39.0,7.0,2.0,15.0,4.0,0.0,1,0,0.24369430437493028
55.0,0.0,115792.0,0.0,35.0,13.0,4.0,1.0,39.0,10.0,2.0,9.0,4.0,0.0,0,1,0.6984597536811905
40.0,0.0,121142.0,0.0,30.0,13.0,4.0,1.0,39.0,12.0,4.0,9.0,4.0,1.0,1,0,0.07682508761149652
37.0,0.0,95113.0,0.0,67.0,9.0,4.0,1.0,39.0,4.0,2.0,11.0,4.0,0.0,1,0,0.26025478186862
50.0,0.0,164790.0,0.0,43.0,10.0,7.0,1.0,39.0,1.0,0.0,15.0,2.0,1.0,1,0,0.08783229203565472
32.0,0.0,238959.0,0.0,52.0,14.0,2.0,1.0,39.0,10.0,4.0,12.0,4.0,1.0,1,0,0.13871507827058455
35.0,0.0,314727.0,0.0,56.0,9.0,4.0,1.0,39.0,3.0,2.0,11.0,4.0,0.0,1,0,0.24764401079711118
40.0,0.0,227446.0,0.0,31.0,10.0,4.0,1.0,5.0,4.0,2.0,15.0,4.0,0.0,1,0,0.24963038708424048
40.0,0.0,192107.0,0.0,41.0,13.0,4.0,1.0,39.0,3.0,2.0,9.0,4.0,0.0,0,1,0.5841933709124254
40.0,0.0,99527.0,0.0,39.0,9.0,4.0,1.0,39.0,3.0,2.0,11.0,4.0,0.0,1,0,0.2594251999024372
40.0,0.0,92215.0,0.0,56.0,5.0,4.0,0.0,39.0,3.0,0.0,6.0,4.0,1.0,1,0,0.028710355946272532
50.0,0.0,119986.0,0.0,61.0,13.0,5.0,1.0,39.0,12.0,2.0,9.0,4.0,0.0,0,1,0.7871131985907568
40.0,0.0,226443.0,0.0,31.0,13.0,4.0,1.0,39.0,10.0,2.0,9.0,4.0,0.0,0,1,0.5187254478550285
40.0,0.0,162187.0,0.0,45.0,9.0,2.0,1.0,39.0,11.0,2.0,11.0,4.0,0.0,1,0,0.38034219054180773
40.0,0.0,186916.0,0.0,40.0,13.0,4.0,1.0,39.0,10.0,2.0,9.0,4.0,0.0,0,1,0.6875058100389441
45.0,0.0,204145.0,0.0,37.0,11.0,4.0,1.0,39.0,3.0,2.0,8.0,4.0,0.0,1,0,0.47980810692463416
40.0,0.0,36960.0,0.0,64.0,9.0,6.0,1.0,39.0,5.0,2.0,11.0,4.0,0.0,1,0,0.17125463639554037
35.0,0.0,310774.0,0.0,50.0,13.0,4.0,1.0,39.0,12.0,2.0,9.0,4.0,0.0,0,1,0.6730886335489223
50.0,4386.0,132222.0,0.0,40.0,10.0,4.0,1.0,39.0,7.0,2.0,15.0,4.0,0.0,1,0,0.4932023264491512
23.0,0.0,196504.0,0.0,50.0,16.0,6.0,1.0,39.0,10.0,2.0,10.0,4.0,0.0,0,1,0.6234287405272294
30.0,0.0,277390.0,0.0,41.0,13.0,0.0,0.0,39.0,0.0,2.0,9.0,4.0,5.0,1,0,0.4993931426787531
40.0,0.0,48271.0,0.0,45.0,10.0,4.0,0.0,39.0,1.0,2.0,15.0,4.0,5.0,1,0,0.4162097416471502
30.0,0.0,175990.0,0.0,47.0,9.0,4.0,0.0,39.0,8.0,2.0,11.0,4.0,5.0,1,0,0.18512496074515652
55.0,0.0,186035.0,0.0,37.0,12.0,4.0,1.0,39.0,3.0,2.0,7.0,4.0,0.0,0,1,0.514449237235656
40.0,4386.0,265097.0,0.0,47.0,9.0,2.0,1.0,39.0,8.0,2.0,11.0,4.0,0.0,1,0,0.4425011801932718
40.0,0.0,186338.0,0.0,51.0,9.0,4.0,1.0,39.0,3.0,2.0,11.0,4.0,0.0,1,0,0.33077447897260037
40.0,0.0,113234.0,0.0,62.0,14.0,0.0,0.0,39.0,0.0,2.0,12.0,4.0,5.0,0,1,0.5465106440408652
55.0,0.0,207685.0,1564.0,44.0,9.0,4.0,1.0,9.0,4.0,4.0,11.0,4.0,1.0,1,0,0.11513172615230535
50.0,0.0,193855.0,1902.0,37.0,9.0,4.0,1.0,39.0,3.0,2.0,11.0,4.0,0.0,0,1,0.8374622516294834
50.0,0.0,310889.0,0.0,30.0,11.0,4.0,1.0,39.0,4.0,2.0,8.0,4.0,0.0,1,0,0.4047916000768032
40.0,0.0,207352.0,0.0,27.0,13.0,4.0,1.0,19.0,13.0,2.0,9.0,1.0,0.0,1,0,0.3216362615489937
75.0,0.0,172034.0,0.0,47.0,9.0,6.0,1.0,39.0,12.0,2.0,11.0,4.0,0.0,1,0,0.3642127360918531
50.0,0.0,338320.0,0.0,35.0,9.0,5.0,1.0,39.0,4.0,2.0,11.0,4.0,0.0,1,0,0.403765251222412
40.0,0.0,237819.0,0.0,50.0,9.0,4.0,1.0,39.0,14.0,2.0,11.0,4.0,0.0,1,0,0.3589051669107147
45.0,0.0,193882.0,0.0,40.0,9.0,4.0,1.0,39.0,4.0,2.0,11.0,4.0,0.0,1,0,0.44818150588770067
20.0,4386.0,169527.0,0.0,34.0,10.0,4.0,0.0,39.0,12.0,2.0,15.0,4.0,5.0,0,1,0.5438221818127669
40.0,0.0,228306.0,0.0,22.0,10.0,4.0,0.0,39.0,8.0,1.0,15.0,4.0,5.0,1,0,0.11179772981510477
40.0,0.0,246183.0,0.0,49.0,9.0,4.0,1.0,39.0,12.0,2.0,11.0,4.0,0.0,1,0,0.38034219054180773
42.0,0.0,169662.0,0.0,27.0,13.0,4.0,1.0,39.0,10.0,2.0,9.0,4.0,0.0,1,0,0.45886223736574994
40.0,0.0,189664.0,0.0,55.0,9.0,4.0,1.0,39.0,10.0,2.0,11.0,4.0,0.0,1,0,0.38034219054180773
40.0,0.0,98941.0,0.0,37.0,14.0,4.0,1.0,39.0,4.0,4.0,12.0,4.0,1.0,1,0,0.21315997699460348
40.0,0.0,65481.0,0.0,23.0,9.0,4.0,0.0,39.0,7.0,2.0,11.0,4.0,5.0,1,0,0.09376897706041791
40.0,0.0,324629.0,0.0,41.0,13.0,4.0,1.0,41.0,4.0,2.0,9.0,4.0,0.0,0,1,0.699384839192517
40.0,0.0,128796.0,0.0,47.0,9.0,4.0,1.0,39.0,3.0,2.0,11.0,4.0,0.0,1,0,0.33077447897260037
45.0,0.0,142573.0,0.0,36.0,9.0,2.0,1.0,39.0,4.0,2.0,11.0,4.0,0.0,1,0,0.39776602175980913
60.0,0.0,265706.0,0.0,34.0,14.0,4.0,1.0,39.0,12.0,4.0,12.0,4.0,4.0,1,0,0.23741031280330335
40.0,0.0,308945.0,0.0,35.0,9.0,2.0,1.0,39.0,3.0,2.0,11.0,4.0,0.0,1,0,0.21202662720161078
40.0,0.0,132879.0,0.0,37.0,9.0,4.0,1.0,39.0,4.0,2.0,11.0,4.0,0.0,1,0,0.3483397877077993
40.0,0.0,196373.0,0.0,38.0,9.0,5.0,1.0,39.0,4.0,2.0,11.0,4.0,0.0,1,0,0.3565798602905081
50.0,0.0,235071.0,0.0,24.0,7.0,4.0,1.0,39.0,3.0,2.0,1.0,4.0,0.0,1,0,0.06190147698343407
52.0,0.0,100292.0,0.0,40.0,9.0,4.0,1.0,39.0,12.0,2.0,11.0,4.0,0.0,1,0,0.34722630001298355
40.0,0.0,206964.0,0.0,54.0,10.0,4.0,1.0,39.0,12.0,2.0,15.0,4.0,0.0,1,0,0.4767052101321962
45.0,0.0,83043.0,2179.0,63.0,13.0,0.0,1.0,39.0,0.0,2.0,9.0,4.0,0.0,0,1,0.6986386281725131
60.0,0.0,341439.0,0.0,53.0,14.0,4.0,0.0,39.0,4.0,4.0,12.0,4.0,1.0,1,0,0.3233921414546929
40.0,0.0,183009.0,0.0,41.0,9.0,2.0,1.0,39.0,14.0,2.0,11.0,2.0,0.0,1,0,0.2698189847582801
35.0,0.0,171095.0,0.0,47.0,12.0,2.0,0.0,39.0,1.0,2.0,7.0,4.0,5.0,1,0,0.4204452847501467
40.0,0.0,440129.0,0.0,31.0,10.0,7.0,1.0,39.0,11.0,0.0,15.0,4.0,1.0,1,0,0.059400681044326324
65.0,0.0,213226.0,0.0,34.0,13.0,4.0,1.0,39.0,12.0,4.0,9.0,4.0,1.0,1,0,0.21116240230147462
56.0,0.0,186117.0,0.0,52.0,9.0,2.0,1.0,39.0,11.0,2.0,11.0,4.0,0.0,1,0,0.44417403490396756
60.0,0.0,148995.0,0.0,47.0,9.0,2.0,1.0,39.0,11.0,2.0,11.0,4.0,0.0,1,0,0.44417403490396756
40.0,0.0,48779.0,0.0,37.0,13.0,1.0,1.0,39.0,10.0,2.0,9.0,4.0,0.0,0,1,0.6790029202722223
70.0,0.0,248612.0,0.0,26.0,13.0,4.0,1.0,39.0,4.0,4.0,9.0,4.0,1.0,1,0,0.08973233462040421
40.0,10566.0,257557.0,0.0,67.0,4.0,4.0,1.0,39.0,14.0,2.0,5.0,2.0,0.0,0,1,0.9144534312957912
45.0,0.0,217460.0,0.0,31.0,9.0,4.0,1.0,39.0,14.0,2.0,11.0,4.0,0.0,1,0,0.20268566723938122
45.0,0.0,162816.0,0.0,48.0,12.0,4.0,1.0,39.0,14.0,2.0,7.0,4.0,0.0,0,1,0.5216672654647031
40.0,0.0,290306.0,0.0,38.0,9.0,4.0,1.0,39.0,3.0,2.0,11.0,4.0,0.0,1,0,0.28198924930462005
60.0,0.0,94342.0,0.0,49.0,13.0,4.0,1.0,39.0,3.0,2.0,9.0,4.0,0.0,0,1,0.7018114509000939
50.0,0.0,25825.0,0.0,60.0,9.0,6.0,1.0,39.0,3.0,0.0,11.0,4.0,1.0,1,0,0.08667310950836318
20.0,0.0,129150.0,0.0,36.0,10.0,4.0,1.0,39.0,10.0,2.0,15.0,4.0,0.0,1,0,0.24982563527924112
40.0,0.0,205339.0,0.0,37.0,10.0,4.0,1.0,39.0,13.0,4.0,15.0,4.0,1.0,1,0,0.08767161521247198
72.0,0.0,193494.0,0.0,44.0,10.0,4.0,1.0,39.0,14.0,2.0,15.0,4.0,0.0,1,0,0.4708037634506829
40.0,0.0,134768.0,0.0,62.0,9.0,4.0,1.0,39.0,14.0,2.0,11.0,4.0,0.0,1,0,0.3179864307551746
40.0,0.0,162825.0,0.0,62.0,9.0,4.0,1.0,39.0,4.0,2.0,11.0,4.0,0.0,1,0,0.3590855739964998
40.0,0.0,245056.0,0.0,43.0,9.0,4.0,1.0,39.0,1.0,2.0,11.0,2.0,0.0,1,0,0.25563871661196425
40.0,0.0,123011.0,0.0,54.0,9.0,4.0,1.0,31.0,7.0,2.0,11.0,4.0,0.0,1,0,0.24481043985362733
40.0,0.0,19302.0,0.0,31.0,13.0,4.0,1.0,39.0,10.0,2.0,9.0,4.0,0.0,1,0,0.4911885377942083
35.0,0.0,102828.0,0.0,53.0,9.0,4.0,1.0,39.0,4.0,2.0,11.0,4.0,0.0,1,0,0.2920711717047229
45.0,0.0,237993.0,0.0,44.0,15.0,4.0,1.0,0.0,7.0,2.0,14.0,4.0,0.0,0,1,0.6939271703525254
35.0,0.0,376302.0,0.0,29.0,11.0,2.0,0.0,27.0,13.0,2.0,8.0,4.0,5.0,1,0,0.36349897742739773
60.0,0.0,34862.0,1564.0,34.0,13.0,4.0,1.0,39.0,12.0,0.0,9.0,0.0,1.0,1,0,0.2133257627662259
50.0,0.0,351871.0,0.0,29.0,13.0,4.0,1.0,39.0,12.0,4.0,9.0,4.0,1.0,1,0,0.12561579650464935
40.0,0.0,355978.0,0.0,48.0,14.0,4.0,1.0,39.0,4.0,2.0,12.0,4.0,0.0,0,1,0.8178087857901313
56.0,0.0,171807.0,0.0,48.0,13.0,4.0,0.0,39.0,8.0,0.0,9.0,4.0,4.0,1,0,0.15076545833456897
48.0,0.0,183973.0,0.0,53.0,7.0,4.0,1.0,39.0,7.0,2.0,1.0,4.0,0.0,1,0,0.1564650105277726
40.0,0.0,415500.0,0.0,37.0,10.0,4.0,1.0,39.0,7.0,2.0,15.0,2.0,0.0,1,0,0.2804010149099448
50.0,0.0,144361.0,0.0,50.0,9.0,4.0,1.0,39.0,7.0,2.0,11.0,4.0,0.0,1,0,0.32061848886199634
40.0,0.0,173266.0,0.0,34.0,9.0,7.0,1.0,39.0,13.0,2.0,11.0,4.0,0.0,1,0,0.22324863615363855
50.0,0.0,195453.0,0.0,61.0,9.0,4.0,1.0,39.0,4.0,2.0,11.0,4.0,0.0,1,0,0.49661898668645066
60.0,0.0,137314.0,0.0,36.0,10.0,2.0,1.0,39.0,11.0,2.0,15.0,4.0,0.0,1,0,0.4856979907570872
40.0,0.0,170603.0,0.0,57.0,10.0,1.0,1.0,39.0,1.0,2.0,15.0,4.0,0.0,1,0,0.4271679205684245
40.0,0.0,66686.0,0.0,37.0,9.0,4.0,1.0,39.0,14.0,2.0,11.0,4.0,0.0,1,0,0.25571542198313163
50.0,0.0,293291.0,0.0,39.0,9.0,4.0,1.0,39.0,7.0,2.0,11.0,4.0,0.0,1,0,0.27987825470603894
50.0,0.0,148492.0,1485.0,60.0,9.0,6.0,1.0,39.0,3.0,2.0,11.0,4.0,0.0,1,0,0.31688916090569896
50.0,0.0,338376.0,0.0,28.0,10.0,4.0,1.0,39.0,1.0,2.0,15.0,4.0,0.0,1,0,0.2274040787934907
40.0,0.0,174283.0,0.0,44.0,9.0,4.0,1.0,39.0,3.0,2.0,11.0,4.0,0.0,1,0,0.28714116629900377
40.0,0.0,195686.0,0.0,38.0,10.0,4.0,1.0,39.0,3.0,2.0,15.0,4.0,0.0,1,0,0.3682419709278404
40.0,0.0,178312.0,0.0,61.0,10.0,1.0,1.0,39.0,10.0,2.0,15.0,4.0,0.0,0,1,0.5316282066446744
40.0,0.0,104001.0,0.0,74.0,9.0,6.0,1.0,39.0,12.0,2.0,11.0,4.0,0.0,1,0,0.23183884476787972
60.0,0.0,45607.0,0.0,35.0,14.0,2.0,1.0,39.0,10.0,4.0,12.0,4.0,1.0,1,0,0.23679303490588882
50.0,0.0,207578.0,0.0,40.0,9.0,5.0,1.0,39.0,1.0,2.0,11.0,4.0,0.0,1,0,0.3638629634750535
48.0,0.0,37931.0,0.0,36.0,9.0,7.0,1.0,39.0,11.0,2.0,11.0,4.0,0.0,1,0,0.23763294926223788
40.0,0.0,98941.0,0.0,39.0,13.0,4.0,1.0,39.0,10.0,4.0,9.0,4.0,1.0,1,0,0.12902701847116949
43.0,0.0,259929.0,0.0,58.0,16.0,7.0,0.0,39.0,4.0,4.0,10.0,4.0,1.0,1,0,0.4343965707266592
50.0,0.0,197038.0,0.0,45.0,13.0,4.0,1.0,39.0,10.0,0.0,9.0,4.0,1.0,1,0,0.32276797798796375
20.0,0.0,210525.0,0.0,42.0,10.0,4.0,1.0,39.0,13.0,2.0,15.0,4.0,0.0,1,0,0.2947422990874424
40.0,0.0,244661.0,0.0,66.0,13.0,4.0,1.0,30.0,1.0,2.0,9.0,1.0,0.0,0,1,0.5061960548761947
50.0,0.0,129513.0,0.0,49.0,9.0,4.0,1.0,39.0,14.0,2.0,11.0,4.0,0.0,1,0,0.4071485146109807
40.0,0.0,186359.0,0.0,38.0,10.0,4.0,1.0,39.0,4.0,2.0,15.0,4.0,0.0,1,0,0.44238320742524834
48.0,0.0,199539.0,0.0,34.0,9.0,4.0,1.0,39.0,3.0,2.0,11.0,4.0,0.0,1,0,0.2743070871905703
40.0,0.0,124137.0,0.0,55.0,10.0,5.0,1.0,39.0,12.0,2.0,15.0,4.0,0.0,1,0,0.4857185156237392
56.0,0.0,245317.0,0.0,44.0,10.0,4.0,1.0,39.0,3.0,2.0,15.0,4.0,0.0,1,0,0.4715005063411812
40.0,0.0,157287.0,0.0,32.0,13.0,4.0,1.0,39.0,12.0,2.0,9.0,4.0,0.0,0,1,0.5407795411605186
40.0,0.0,145139.0,0.0,31.0,13.0,4.0,1.0,39.0,3.0,2.0,9.0,4.0,0.0,1,0,0.4253392061178289
40.0,0.0,170924.0,0.0,41.0,14.0,7.0,1.0,39.0,10.0,2.0,12.0,4.0,0.0,0,1,0.7193257775611465
65.0,0.0,454508.0,0.0,34.0,13.0,4.0,1.0,20.0,10.0,2.0,9.0,4.0,0.0,0,1,0.7117794066192418
50.0,0.0,79649.0,0.0,35.0,13.0,2.0,1.0,39.0,10.0,2.0,9.0,4.0,0.0,0,1,0.6876658191624233
40.0,4386.0,319146.0,0.0,31.0,11.0,4.0,1.0,26.0,3.0,2.0,8.0,4.0,0.0,1,0,0.3625357174629679
24.0,0.0,117496.0,0.0,50.0,13.0,2.0,0.0,39.0,10.0,2.0,9.0,4.0,5.0,0,1,0.5605885550879766
45.0,0.0,323044.0,0.0,26.0,10.0,4.0,1.0,11.0,4.0,2.0,15.0,4.0,0.0,1,0,0.2065377080077919
40.0,0.0,357691.0,0.0,33.0,14.0,7.0,1.0,39.0,11.0,2.0,12.0,2.0,0.0,0,1,0.6362916261128387
55.0,0.0,183155.0,0.0,28.0,13.0,4.0,1.0,39.0,10.0,2.0,9.0,4.0,0.0,0,1,0.543330554412665
40.0,0.0,194733.0,0.0,58.0,12.0,4.0,1.0,39.0,3.0,2.0,7.0,4.0,0.0,1,0,0.47188119016687385
30.0,0.0,168943.0,0.0,25.0,13.0,4.0,0.0,39.0,4.0,2.0,9.0,4.0,5.0,1,0,0.303014259930221
43.0,0.0,37937.0,0.0,43.0,12.0,2.0,1.0,39.0,13.0,2.0,7.0,4.0,0.0,0,1,0.5081423185759645
48.0,0.0,152373.0,0.0,53.0,10.0,4.0,1.0,39.0,3.0,0.0,15.0,4.0,1.0,1,0,0.1619450049909197
50.0,0.0,170866.0,0.0,40.0,12.0,6.0,1.0,39.0,5.0,2.0,7.0,4.0,0.0,1,0,0.3676026132605048
40.0,0.0,266119.0,0.0,79.0,13.0,4.0,1.0,39.0,12.0,2.0,9.0,4.0,0.0,0,1,0.6582662674152187
40.0,0.0,220269.0,0.0,46.0,10.0,4.0,1.0,39.0,13.0,2.0,15.0,4.0,0.0,1,0,0.4767052101321962
45.0,0.0,122175.0,0.0,25.0,13.0,4.0,1.0,39.0,10.0,2.0,9.0,4.0,0.0,1,0,0.36987142334884704
40.0,4386.0,75472.0,0.0,50.0,9.0,4.0,1.0,0.0,3.0,2.0,11.0,4.0,0.0,0,1,0.5329916686929687
50.0,0.0,132930.0,0.0,56.0,14.0,0.0,0.0,39.0,0.0,4.0,12.0,4.0,1.0,1,0,0.17763633083606667
40.0,0.0,208470.0,0.0,41.0,9.0,4.0,1.0,39.0,4.0,2.0,11.0,4.0,0.0,1,0,0.3483397877077993
45.0,0.0,378747.0,0.0,54.0,6.0,4.0,1.0,39.0,14.0,5.0,0.0,2.0,4.0,1,0,0.0731126033782801
50.0,0.0,403433.0,0.0,30.0,13.0,4.0,1.0,39.0,10.0,4.0,9.0,2.0,1.0,1,0,0.15105661623165112
40.0,0.0,189762.0,0.0,48.0,9.0,2.0,1.0,39.0,3.0,2.0,11.0,4.0,0.0,1,0,0.33077447897260037
40.0,0.0,408717.0,0.0,40.0,9.0,4.0,1.0,39.0,3.0,2.0,11.0,4.0,0.0,1,0,0.2958898672629384
50.0,0.0,99146.0,0.0,35.0,9.0,4.0,1.0,39.0,4.0,2.0,11.0,4.0,0.0,1,0,0.3607533532655245
50.0,0.0,187702.0,0.0,40.0,10.0,4.0,1.0,39.0,4.0,4.0,15.0,4.0,1.0,1,0,0.1551940525607718
